TRAVEL_ID,ADV_NM,ADV_SEQ,PAYMENT_NUM,BRNO,STORE_NM,ROAD_NM_ADDR,LOTNO_ADDR,ROAD_NM_CD,LOTNO_CD,PAYMENT_DT,PAYMENT_MTHD_SE,PAYMENT_AMT_WON,PAYMENT_ETC,SGG_CD
f_f000011,컵라명 햇반 등의 즉석식품,1,2,4892301540,세븐일레븐 강남대원룸점,경기 용인시 기흥구 강남서로107번길 4,경기 용인시 기흥구 구갈동 557-1,4412010,4146310200,2023-04-29 15:38,1,15110,오뚜기)작은밥; CJ)큰햇반; 서울)흰우유; 오뚜기)컵누들매콤한맛(소; 오뚜기)컵누들짜장맛소컵,
f_f000382,커피,0,1,,더벤티 용계점,755-11,,,,,1,1800,,2714011900
f_f000384,토마호크 스테이크,1,2,5328601820,(주)마블플러스,경기 남양주시 석실로668번길 54,경기 남양주시 금곡동 127-8,4391483,4136010300,2023-05-17 11:28,1,32900,토마호크 우대갈비 티본 엘본 채끝 등심 립아이 비프립 스테이크 소고기 캠핑,
f_f000473,주유,0,2,,대일주유소,198,,,,,1,60000,,2629010600
f_f000492,수영복,1,1,5248601528,네이버 파이낸셜 주식회사,경기 성남시 분당구 정자일로 95,경기 성남시 분당구 정자동 178-4,3180021,4113510300,2023-04-17 00:00,1,32800,여자 체형커버 수영복 비치 원피스수영복 빅사이즈 뱃살커버,
f_f000530,마트 장보기,0,4,,이마트 원주점,1062-1,,,,,3,85000,,4213011500
f_f000543,고속보조배터리 10000mAh,1,1,1068123839,알로이비즈 주식회사,서울 영등포구 63로 32,서울 영등포구 여의도동 61-4,3118001,1156011000,2023-05-13 00:53,1,23999,보조배터리 고속 1000MAH 화이트 미니 대용량 고속총전 HSB PD C타입 급속,
f_f000586,식료품  음료  과자,1,1,1068307115,철마마트(영외),경기 남양주시 진접읍 광릉내로82번길 19-7,경기 남양주시 진접읍 팔야리 760-6,4391164,4136025326,2023-05-30 15:53,1,14480,꼬마꾸이맨;부라보초코청크;바나나킥;포테이토칩사워크림어니언;꼬깔콘고소한맛(소),
f_f000767,속초 과자의 성 체험비,1,1,5248601528,네이버파이낸셜 주식회사,경기 성남시 분당구 정자일로 95,경기 성남시 분당구 정자동 178-4,3180021,4113510300,2023-06-02 23:48,1,28500,,
f_f000835,과자;마스크팩;음료;라면;바스볼 등,0,1,,올리브영,미림1동,,,,,1,19000,,4119010800
f_f000935,젤리; 과자,0,2,,CU편의점,강선로74  1층 상가동 111호,,,,,3,9000,,4128710200
f_f000959,물놀이 기저귀,1,1,1303912388,아가천사,인천 중구 축항대로296번길 60-37,인천 중구 신흥동3가 42-45,4247392,2811012800,2023-05-18 11:32,1,2700,하기스 수영장 물놀이 팬티 아기 방수기저귀,
f_f000979,음료,1,4,4858700202,주식회사애플마트,서울 노원구 수락산로 220-1,서울 노원구 상계동 1037-2,3110006,1135010500,2023-05-26 12:43,1,14460,"CJ)한끼식탁고깃집된장찌개양념;풀무원)국물쌀떡볶이 2인;귀리우유;빙그레)따옴유기농주스(오렌지,브로콜리);빙그레)따옴유기농주스(사과,당근)",
f_f001226,의류,0,3,,젝시믹스,수원 롯데몰,,,,,1,61200,,4111313100
f_f001233,김밥,0,4,,김밥천국,김밥천국,,,,,3,20000,,4315012100
f_f001321,김밥,1,4,3083800950,순희네꼬마김밥배곧신도시점,경기 시흥시 배곧3로 86,경기 시흥시 배곧동 194-2,3350762,4139013500,2023-05-27 07:39,1,17000,중간팩(5개);참치꼬마김밥(5줄);스팸꼬마김밥(5줄),
f_f001408,사우나 티켓,1,2,1602600753,가야해수사우나&골프존파크,경남 김해시 김해대로2492번길 38,경남 김해시 삼정동 0,4829310,4825011700,2023-06-04 09:37,1,15000,입장권,
f_f001516,간식(감자튀김.아이스크림.꽈배기),1,4,1980602743,롯데리아,경북 칠곡군 왜관읍 중앙로 212,경북 칠곡군 왜관읍 왜관리 212-61,3303047,4785025021,2023-06-05 11:26,1,4900,소프트콘;포테이토,
f_f001516,간식(감자튀김.아이스크림.꽈배기),2,4,1078657147,스토리웨이,대구 동구 동대구로 550,,3007004,2714010100,2023-06-05 17:50,1,7200,설탕꽈배기;페스츄리꽈배기,
f_f001544,20인치 기내용 캐리어,0,1,,에스쿠다마,,,,,,3,35000,,1138010800
f_f001843,자동차 주유,0,2,,(주)자연에너지 신갈주유소,용구대로 2245,,,,,1,79000,,4146310100
f_f001901,고기; 닭꼬치; 떡볶이; 음료 등,0,2,,이마트 해운대점,,,,,,1,120000,,2635010700
f_f002444,무알콜맥주 과자  음료수  바나나우유,1,3,2228200339,근덕농협하나로마트,강원특별자치도 삼척시 근덕면 삼척로 3672,강원특별자치도 삼척시 근덕면 교가리 646-1,3224019,5123031024,2023-06-07 19:01,1,36840,청정수;롯데)칸쵸;오리온썬핫스파이시;롯데뻥소리;칭따오논알콜릭,
f_f002730,이삭토스트,1,1,4541600509,이삭토스트,대구 동구 동부로 149,대구 동구 신천동 1506,3142009,2714010200,2023-06-07 08:26,1,3100,,
f_f002755,커피와 디저트,0,2,,컴포즈커피 밀양시청점,1531-7,,,,,1,15000,,4827010200
f_f002762,주유,1,1,3858501213,대영주유소,부산 기장군 정관읍 정관로 249,부산 기장군 정관읍 모전리 17,3140047,2671025627,2023-06-03 13:20,1,54215,주유비,
f_f002860,얼음컵,1,1,2102265126,이마트24,서울 강북구 도봉로96길 5-11,,4124146,1130510200,2023-06-03 10:08,1,700,아임이)이프레쏘아이스컵,
f_f003783,소곱창; 대창. 야채. 과일. 삼각대,0,2,,홈마트,삼풍로 13-4,,,,,1,43500,,4729012700
f_f004760,물 과자 간식 물티슈,0,1,,CU,경인로382,,,,,1,13500,,1153010700
f_f005042,삼각대,1,1,1208800767,쿠팡(주),서울 송파구 송파대로 570,서울 송파구 신천동 7-30,2005011,1171010200,2023-07-26 11:30,1,63900,,
f_f005287,커피,0,2,,아인슈페너,카페봄봄,,,,,1,3300,,2717010300
f_f005444,스지수육 밀키트,1,1,3185800367,에이치에스밀푸드,부산 부산진구 동천로85번길 11,부산 부산진구 부전동 168-342,4187205,2623010300,2023-08-03 08:22,1,23900,햄지 사태스지수육 밀키트 한우육수 기승전골,
f_f005661,주유,1,1,5061030656,대동LPG,경북 포항시 남구 새천년대로 216,경북 포항시 남구 효자동 381,2303001,4711111400,2023-09-09 09:51,1,37388,주유비,
f_f005914,바베큐용 소고기(9만원); 데이트팝 어플 티켓팅(티켓팅에는 포토시즈; 퍼지네이블 각 1.8만원씩 총 3.6만원 사전구매),0,2,,언양축산,483-1  언양축산,,,,,1,126000,,3171025329
f_f006357,주유비 티켓비,1,3,8045900263,플레이스 씨,경북 경주시 국당2길 2,,4715142,4713010900,2023-08-16 13:19,1,31000,"로즈와일리전:Hullo,Again",
f_f006357,주유비 티켓비,3,3,1338514382,지에스칼텍스(주)울산혁신도시주유소,울산 중구 종가로 406-36,울산 중구 성안동 275,3169029,3111010900,2023-08-15 19:26,1,65000,주유비,
f_f007188,바베큐 준비  음식,0,2,,대백마트 사동점,백자로 10길,,,,,3,50000,,4729012600
f_f007508,오션월드 입장 티켓 (입장권+락커비+구명조끼 대여비),1,2,2208162517,SY티켓,경기 성남시 분당구 정자일로 95,경기 성남시 분당구 정자동 178-4,3180021,4113510300,2023-08-29 00:00,1,80000,오션월드 할인 종일입장권,
f_f007925,시외버스표,1,1,,금강고속,,,,,2023-08-06 17:26,1,43400,버스표,
f_f007925,시외버스표,2,1,,금강고속,경기 구리시 아차산로487번길 34,경기 구리시 교문동 354-2,4388109,4131010400,2023-08-06 17:17,1,43400,버스비,
f_f008076,주유,1,2,5108507152,대보유통(주)추풍령(서울)주유소,경북 김천시 봉산면 경부고속도로 214-2,경북 김천시 봉산면 광천리 산 180-2,1000001,4715037028,2023-08-17 16:39,1,42000,주유비,
f_f008608,주유,1,2,6068510278,덕천주유소,부산 북구 의성로 20,,3132018,2632010400,2023-08-21 09:20,1,60000,주유비,
f_f008862,주유비,1,3,3558800723,(주)HD에너지,경기 양주시 장흥면 일영로 748,,3192092,4163034025,2023-08-21 14:35,1,34079,주유비 ,
f_f009182,물 음료 빵 간식거리 외,1,1,6032128331,CU,서울 마포구 와우산로32길 25,,4139473,1144012100,2023-08-20 17:57,1,20800,동의반숙란2입;김)진간장불고기(확);딸기맛카스테라;딸기우유;커피우유,
f_f009255,강된장보리밥 / 육개장 사발면 / 스파게티 재료,0,2,,농협하나로마트,울산 울주군 범서읍 장검길 10,,,,,1,30000,,3171025924
f_f009462,음료수,0,1,,세븐일레븐 안양럭키점,석수동 296,,,,,1,2700,,4117110200
f_f010564,워터파크 입장료,1,2,5668701096,㈜위메프,서울 강남구 영동대로 502,서울 강남구 삼성동 168-6,2122002,1168010500,2023-08-17 16:10,1,74800,[특가]김해 롯데워터파크 입장권,
f_f010914,ITX 승차권,1,2,3148210024,한국철도공사 ,대전 동구 중앙로 240,,3164033,3011011300,2023-08-19 13:00,1,8600,기차표,
f_f011268,경주월드 자유이용권 2매,0,2,,경주월드,보문로 544,,,,,1,48000,,4713012300
f_f011863,대하,1,2,5248601528,NAVER FINANCIAL,경기 성남시 분당구 정자일로 95,경기 성남시 분당구 정자동 178-4,3180021,4113510300,2023-08-24 00:00,1,45500,국산 흰다리새우,
f_f012222,버스표,1,6,3538700773,(주)동부고속,서울 서초구 신반포로 194,서울 서초구 반포동 19-4,3121017,1165010700,2023-08-22 17:04,1,119400,버스표,
f_f012222,버스표,2,6,2198101636,(주)중앙고속,경기 화성시 풀무골로 1,경기 화성시 영천동 651-866,3210155,4159013100,2023-08-25 18:43,1,119400,버스표 ,
f_f012225,스카이캡슐 예약 티켓,1,2,2598700262,해운대블루라인(주),부산 해운대구 청사포로 116,,3133042,2635010600,2023-08-26 15:00,1,35000,탑승권,
f_f012536,우비,0,1,,다이소,상동로83,,,,,1,3000,,4119010900
f_f012595,숙박-모텔,0,2,,범천 이그니스,859-31,,,,,5,90000,,2623010400
f_f012639,전시회 관람표,1,1,5248601528,네이버파이낸셜주식회사,경기 성남시 분당구 정자일로 95,경기 성남시 분당구 정자동 178-4,3180021,4113510300,2023-08-30 00:00,1,15000,[일반권]요시고 사진전-부산-입장권,
f_f012889,시외버스 왕복표와 경주신라투어패스,1,1,1048183559, 주식회사 티머니,서울 중구 후암로 110,서울 중구 남대문로5가 581,3101024,1114011800,2023-09-02 09:54,1,5700,버스표,
f_f012889,시외버스 왕복표와 경주신라투어패스,2,1,1048183559,(주)티머니,서울 중구 후암로 110,서울 중구 남대문로5가 581,3101024,1114011800,2023-09-08 21:03,1,5700,택시비,
f_f012889,시외버스 왕복표와 경주신라투어패스,3,1,2118841856,(주)티몬,서울 강남구 압구정로 118,서울 강남구 신사동 529-4,3122007,1168010700,,1,5900,[경북]경주신라투어패스 48시,
f_f013460,입장권,3,2,5248601528,네이버파이낸셜주식회사 ,경기 성남시 분당구 정자일로 95,경기 성남시 분당구 정자동 178-4,3180021,4113510300,2023-08-29 22:07,1,74000,비발디파크 오션월드 이지패스당일사용 주중 할인 입장권 구명조끼락카 포함,
f_f013942,양말,0,1,,다이소 한성대입구역2호점,18,,,,,1,2000,,1129010500
f_f014045,생수,0,1,,편의점,,,,,,3,1000,,1156013200
f_f014097,고기,0,2,,평거동 탑마트,탑마트,,,,,1,10000,,4817012600
f_f014140,주유,1,2,,양덕IC주유소,경북 포항시 북구 삼흥로 425,경북 포항시 북구 양덕동 899-4,3304015,4711312200,2023-08-27 14:05,1,63000,주유비,
f_f014170,빼빼로,0,1,,이마트24 서울고속터미널 2호점,19-4,,,,,1,1700,,1165010700
f_f014175,고속버스,1,3,3538700773,(주)동부고속,서울 광진구 강변역로 50,서울 광진구 구의동 546-1,3104001,1121510300,2023-08-23 01:30,1,86700,버스비,
f_f014175,고속버스,2,3,3538700773,(주)동부고속,서울 서초구 신반포로 194,서울 서초구 반포동 19-4,3121017,1165010700,2023-08-29 18:05,1,66900,버스표,
f_f015250,아쿠아슈즈,1,3,2138152063,(주)아성다이소,경남 창원시 진해구 충장로130번길 6,경남 창원시 진해구 화천동 65-2,4793522,4812913100,2023-08-31 21:08,1,5000,메쉬아쿠아슈즈,
f_f015250,아쿠아슈즈,2,3,1208800767,쿠팡(주) ,서울 송파구 송파대로 570,서울 송파구 신천동 7-30,2005011,1171010200,2023-08-31 00:00,1,9920,뉴베라 성인용 아쿠아 멀티슈즈 L;뉴베라 성인용 아쿠아 멀티슈즈 XXL,
f_f015367,경주월드 입장권 2매,1,2,5058515586,경주월드,경북 경주시 보문로 544,경북 경주시 천군동 191-5,3305021,4713013500,2023-08-27 16:03,1,48000,KBPAY 특가2매,
f_f015409,과자(초당옥수수) 차안에서먹기위해,1,2,1208800767,쿠팡(주),서울 송파구 송파대로 570,서울 송파구 신천동 7-30,2005011,1171010200,2023-08-30 08:53,1,5200,콘칲 초당 옥수수 ,
f_f015600,주유,1,2,6908102912,(유)연성 관광주유소,전남 순천시 중앙로 480,전남 순천시 가곡동 159-1,3283038,4615010900,2023-09-14 15:35,1,78000,주유비,
f_f015841,레일바이크 입장권,1,2,1138638602,메이크티켓,,,,,2023-09-16 00:00,1,40000,김유정역 -탑승권,
f_f016495,삼각김밥; 소세지,0,2,,CU 안산라프리모점,선부광장남로17  라프리모 정문 상가,,,,,1,6800,,4127310900
