COMPANION_SEQ,TRAVEL_ID,REL_CD,COMPANION_GENDER,COMPANION_AGE_GRP,COMPANION_SITUATION
1,e_e005633,8,1,3,1
1,f_f000011,8,1,4,1
1,f_f000013,1,2,4,1
2,f_f000013,2,2,1,1
2,f_f000040,9,2,3,3
4,f_f000040,9,2,4,3
6,f_f000040,9,1,4,3
1,f_f000040,9,2,3,3
3,f_f000040,9,2,4,3
5,f_f000040,9,2,6,3
7,f_f000040,9,1,3,1
1,f_f000338,8,1,3,1
1,f_f000382,1,1,4,1
3,f_f000382,2,2,1,1
2,f_f000382,2,2,1,1
1,f_f000384,8,2,3,1
2,f_f000429,2,2,3,1
1,f_f000429,1,2,6,1
1,f_f000437,7,2,6,1
2,f_f000437,7,2,6,1
1,f_f000461,8,1,3,1
1,f_f000473,8,2,4,1
2,f_f000484,2,1,1,1
1,f_f000484,2,2,1,1
2,f_f000492,2,1,1,1
1,f_f000492,1,1,4,1
3,f_f000492,2,1,1,1
1,f_f000493,1,1,6,1
3,f_f000493,2,2,1,1
2,f_f000493,2,1,2,1
1,f_f000516,7,2,4,1
1,f_f000530,7,2,3,1
3,f_f000530,7,2,3,1
2,f_f000530,7,2,3,1
2,f_f000532,2,1,2,1
1,f_f000532,1,1,6,1
3,f_f000532,2,2,2,1
2,f_f000538,2,2,1,1
1,f_f000538,1,2,4,1
3,f_f000538,2,1,1,1
1,f_f000568,5,2,3,1
1,f_f000591,1,1,5,1
2,f_f000591,2,2,2,1
2,f_f000609,2,1,1,1
1,f_f000609,1,1,5,1
3,f_f000609,2,1,1,1
4,f_f000611,2,1,1,1
1,f_f000611,1,1,5,1
3,f_f000611,2,2,1,1
2,f_f000611,2,1,1,1
1,f_f000627,1,1,5,1
3,f_f000627,2,1,2,1
2,f_f000627,2,1,2,1
4,f_f000627,2,1,2,1
1,f_f000655,7,2,3,1
1,f_f000669,2,1,2,1
3,f_f000669,2,2,1,1
2,f_f000669,2,2,1,1
1,f_f000689,8,1,4,1
1,f_f000710,1,1,4,1
2,f_f000710,3,1,6,1
3,f_f000730,2,1,1,1
2,f_f000730,2,2,2,1
1,f_f000730,1,1,5,1
1,f_f000767,1,2,5,1
2,f_f000767,2,2,2,1
1,f_f000782,1,2,4,1
3,f_f000782,2,2,1,1
2,f_f000782,2,2,1,1
2,f_f000790,7,2,3,1
1,f_f000790,7,2,3,1
2,f_f000796,3,2,6,1
1,f_f000796,3,1,6,1
3,f_f000796,5,2,3,1
1,f_f000831,1,1,4,1
2,f_f000831,2,1,1,1
1,f_f000844,7,1,4,1
1,f_f000869,8,1,3,1
1,f_f000879,1,1,4,1
1,f_f000935,1,1,4,1
2,f_f000940,2,2,1,1
1,f_f000940,1,1,4,1
3,f_f000940,2,1,1,1
2,f_f000952,2,1,2,1
1,f_f000952,1,1,5,1
3,f_f000952,2,2,2,1
2,f_f000959,2,2,1,1
1,f_f000959,1,1,4,1
3,f_f000959,2,2,1,1
1,f_f000973,1,2,4,1
2,f_f000973,2,1,1,1
2,f_f000979,2,1,2,1
1,f_f000979,1,1,5,1
3,f_f000979,2,1,2,1
1,f_f001026,3,1,6,1
3,f_f001026,5,2,3,1
2,f_f001026,3,2,6,1
3,f_f001059,2,1,1,1
2,f_f001059,2,2,1,1
1,f_f001059,1,1,4,1
1,f_f001074,8,1,3,1
1,f_f001081,1,1,7,1
2,f_f001112,2,2,1,1
1,f_f001112,1,1,4,1
1,f_f001116,7,2,5,3
2,f_f001117,7,1,4,2
1,f_f001117,7,1,4,2
1,f_f001124,5,1,3,1
3,f_f001124,3,2,6,1
2,f_f001124,3,1,6,1
1,f_f001131,1,1,5,1
3,f_f001131,3,1,8,1
2,f_f001131,2,1,1,1
4,f_f001131,3,2,8,1
1,f_f001134,8,2,4,1
1,f_f001184,1,1,5,1
3,f_f001184,2,2,2,1
2,f_f001184,2,2,2,1
1,f_f001226,1,2,5,1
2,f_f001226,2,2,1,1
1,f_f001233,1,2,4,1
3,f_f001233,3,1,7,1
2,f_f001233,2,1,1,1
4,f_f001233,3,2,7,1
1,f_f001245,8,1,4,1
2,f_f001321,2,1,2,1
1,f_f001321,1,1,5,1
3,f_f001321,2,2,2,1
1,f_f001336,2,2,2,1
3,f_f001336,3,2,7,3
2,f_f001336,2,2,2,1
1,f_f001380,1,1,5,1
2,f_f001380,2,2,1,1
2,f_f001408,3,2,7,3
1,f_f001408,2,2,1,1
1,f_f001412,1,1,5,1
3,f_f001412,2,1,1,1
2,f_f001412,2,1,1,1
1,f_f001440,1,1,5,1
2,f_f001442,3,2,7,3
1,f_f001442,1,1,5,1
3,f_f001442,2,2,2,1
1,f_f001446,7,2,3,1
2,f_f001487,2,2,1,1
1,f_f001487,1,1,5,1
1,f_f001514,8,2,3,1
2,f_f001516,2,1,1,1
1,f_f001516,2,2,1,1
3,f_f001516,2,1,1,1
2,f_f001550,2,2,1,1
1,f_f001550,1,2,4,1
1,f_f001643,1,1,5,1
2,f_f001643,2,1,1,1
1,f_f001658,1,1,4,1
3,f_f001658,3,2,7,3
2,f_f001658,3,1,8,3
1,f_f001707,1,1,5,1
1,f_f001726,3,2,7,1
2,f_f001726,2,2,2,1
1,f_f001762,1,1,5,1
3,f_f001762,2,2,2,1
2,f_f001762,2,2,2,1
1,f_f001843,2,1,2,1
2,f_f001848,7,1,4,1
1,f_f001848,7,1,4,1
1,f_f001901,7,1,3,1
1,f_f001902,8,2,3,1
2,f_f001906,2,1,1,1
1,f_f001906,1,1,4,1
1,f_f001912,7,2,6,1
2,f_f001912,7,2,6,1
1,f_f002098,1,2,4,1
3,f_f002098,2,2,1,1
2,f_f002098,2,1,1,1
1,f_f002429,8,1,4,1
1,f_f002444,1,2,5,1
2,f_f002444,2,2,2,1
1,f_f002486,1,1,4,1
1,f_f002600,1,1,7,1
2,f_f002600,2,1,5,3
1,f_f002627,7,2,3,1
1,f_f002750,8,1,3,1
1,f_f002755,1,1,4,1
1,f_f002771,8,1,4,1
2,f_f002830,7,2,4,1
1,f_f002830,7,2,3,1
3,f_f002830,7,2,4,1
1,f_f002860,7,1,4,1
1,f_f002894,8,1,3,1
1,f_f002958,2,2,4,1
1,f_f003380,1,2,4,1
1,f_f003440,7,2,3,1
1,f_f003469,7,2,3,1
1,f_f003538,8,2,4,1
2,f_f003543,2,2,1,1
1,f_f003543,1,2,4,1
3,f_f003543,2,2,1,1
2,f_f003631,2,2,1,1
1,f_f003631,1,2,4,1
3,f_f003631,2,1,1,1
1,f_f003747,1,2,4,1
1,f_f003783,8,2,3,1
1,f_f003828,1,1,4,1
2,f_f004013,2,2,3,1
1,f_f004013,1,2,5,1
1,f_f004078,1,1,4,1
3,f_f004078,2,1,2,1
2,f_f004078,2,1,2,1
1,f_f004103,2,2,3,1
1,f_f004131,8,1,3,1
2,f_f004305,2,2,1,1
1,f_f004305,1,2,4,1
1,f_f004470,1,1,6,1
2,f_f004470,2,2,3,1
1,f_f004552,1,1,5,1
2,f_f004552,2,1,2,1
1,f_f004618,1,2,4,1
3,f_f004618,2,2,1,1
2,f_f004618,2,2,1,1
2,f_f004657,8,2,3,1
1,f_f004657,8,1,4,1
1,f_f004717,1,1,4,1
1,f_f004740,8,2,4,1
1,f_f004764,7,2,3,1
1,f_f004768,8,1,3,1
1,f_f004947,8,2,3,2
1,f_f005062,3,2,6,1
2,f_f005062,5,1,3,1
2,f_f005086,2,2,3,1
1,f_f005086,1,2,6,1
1,f_f005096,1,1,5,1
1,f_f005133,3,2,7,1
1,f_f005161,8,1,4,1
1,f_f005287,7,2,4,1
1,f_f005289,1,1,6,1
2,f_f005289,2,2,3,1
1,f_f005385,8,2,3,1
2,f_f005403,3,2,6,1
1,f_f005403,3,1,6,1
3,f_f005403,5,1,3,1
1,f_f005414,8,2,3,3
1,f_f005444,8,2,4,1
1,f_f005445,7,2,3,1
1,f_f005449,8,2,3,1
1,f_f005501,1,1,6,1
1,f_f005535,7,2,3,1
1,f_f005573,8,1,3,3
1,f_f005602,7,2,3,1
1,f_f005686,8,1,3,1
1,f_f005823,1,1,4,1
1,f_f005914,8,2,3,3
1,f_f006006,8,1,3,1
2,f_f006357,2,2,1,1
4,f_f006357,6,2,2,1
1,f_f006357,2,1,1,1
3,f_f006357,6,2,5,1
1,f_f006380,1,2,4,1
2,f_f006380,2,1,1,1
1,f_f006481,7,2,3,1
2,f_f006526,2,2,1,1
1,f_f006526,1,1,5,1
3,f_f006526,2,2,1,1
3,f_f006655,7,2,3,1
2,f_f006655,7,1,3,1
1,f_f006655,7,1,3,1
1,f_f006739,8,1,3,1
1,f_f006888,8,1,4,1
1,f_f006895,8,1,3,1
1,f_f006926,8,2,3,1
1,f_f006932,7,2,4,3
2,f_f007107,3,2,8,3
1,f_f007107,1,1,5,1
3,f_f007107,5,2,5,3
1,f_f007188,2,2,4,1
2,f_f007228,2,2,1,1
1,f_f007228,1,1,4,1
1,f_f007234,8,1,3,1
1,f_f007260,7,2,3,1
1,f_f007508,8,1,3,1
1,f_f007571,5,1,4,1
1,f_f007878,8,1,3,1
1,f_f007889,7,2,4,1
1,f_f008076,8,2,4,1
1,f_f008079,8,2,3,1
1,f_f008113,8,1,3,1
1,f_f008176,7,1,3,1
3,f_f008176,7,1,3,1
2,f_f008176,7,1,3,1
4,f_f008176,7,1,3,1
2,f_f008182,7,1,3,1
4,f_f008182,7,1,3,1
1,f_f008182,7,1,3,1
3,f_f008182,7,1,3,1
5,f_f008182,7,1,3,3
1,f_f008259,8,2,3,1
1,f_f008379,1,1,6,1
2,f_f008380,11,1,4,1
1,f_f008380,2,2,4,1
3,f_f008380,11,2,1,1
1,f_f008418,8,2,3,3
2,f_f008427,5,2,4,1
1,f_f008427,3,2,6,1
3,f_f008427,5,2,4,1
1,f_f008558,1,1,4,1
3,f_f008558,2,1,1,1
2,f_f008558,2,2,1,1
1,f_f008567,1,2,4,1
3,f_f008567,2,1,1,1
2,f_f008567,2,2,1,1
1,f_f008608,1,1,6,1
2,f_f008814,7,2,3,1
4,f_f008814,7,2,3,1
1,f_f008814,8,2,4,1
3,f_f008814,7,2,3,1
5,f_f008814,7,2,3,1
2,f_f008862,2,1,1,1
1,f_f008862,1,2,4,1
1,f_f009188,1,2,4,1
3,f_f009188,2,2,1,1
2,f_f009188,2,2,1,1
1,f_f009201,8,1,3,1
1,f_f009255,8,1,3,3
1,f_f009257,8,1,3,1
1,f_f009311,5,2,3,1
1,f_f009462,8,1,3,1
1,f_f009530,8,1,4,1
2,f_f009562,2,2,1,1
1,f_f009562,1,1,5,1
2,f_f009750,2,1,1,1
1,f_f009750,1,1,4,1
1,f_f009828,8,1,4,1
1,f_f009968,1,2,4,1
1,f_f010067,8,1,3,1
1,f_f010099,7,2,3,1
1,f_f010302,3,1,6,1
2,f_f010302,3,2,6,1
4,f_f010337,7,2,3,1
1,f_f010337,7,2,3,3
3,f_f010337,7,2,3,1
2,f_f010337,7,2,3,1
1,f_f010443,8,1,3,1
1,f_f010522,1,2,5,1
2,f_f010522,2,1,1,1
1,f_f010564,8,1,3,1
1,f_f010778,7,2,3,1
1,f_f010784,7,1,3,1
3,f_f010784,7,2,3,1
2,f_f010784,7,2,3,1
1,f_f010785,8,2,3,1
1,f_f010914,8,2,3,1
1,f_f011221,8,2,3,1
1,f_f011268,8,2,3,1
1,f_f011303,8,1,3,1
3,f_f011303,7,2,3,3
2,f_f011303,7,1,3,3
1,f_f011314,7,2,3,1
1,f_f011719,1,2,7,1
1,f_f011863,1,1,4,2
1,f_f011949,2,2,1,1
2,f_f011949,2,2,1,1
1,f_f012113,7,2,4,1
3,f_f012113,7,2,4,1
2,f_f012113,7,2,4,1
1,f_f012140,11,2,1,1
1,f_f012204,8,1,3,1
1,f_f012222,7,1,3,1
3,f_f012222,7,1,3,1
5,f_f012222,7,1,3,1
2,f_f012222,7,1,3,1
4,f_f012222,7,1,3,1
1,f_f012225,8,2,3,1
1,f_f012426,7,2,3,1
1,f_f012595,8,1,4,1
1,f_f012624,8,1,3,1
1,f_f012649,1,1,5,1
1,f_f012755,8,2,3,1
1,f_f012957,5,2,3,1
1,f_f012976,7,2,3,1
1,f_f012987,1,2,4,1
2,f_f012987,2,1,1,1
1,f_f013057,7,1,3,1
3,f_f013057,7,1,3,1
2,f_f013057,7,1,3,1
1,f_f013167,8,2,4,1
1,f_f013422,8,1,3,1
1,f_f013460,7,1,4,3
2,f_f013460,7,2,3,3
3,f_f013942,7,2,3,3
5,f_f013942,7,2,3,3
2,f_f013942,7,1,3,3
4,f_f013942,7,2,3,3
1,f_f013942,7,1,3,3
1,f_f014097,7,2,3,1
3,f_f014104,2,2,2,1
2,f_f014104,2,2,2,1
4,f_f014104,2,2,1,1
1,f_f014104,1,2,5,1
1,f_f014131,10,2,6,1
2,f_f014131,10,2,7,1
1,f_f014134,7,2,3,1
1,f_f014140,2,2,2,1
1,f_f014170,8,1,3,1
1,f_f014175,7,1,3,2
2,f_f014175,7,1,3,2
3,f_f014452,11,1,1,1
2,f_f014452,7,2,4,1
1,f_f014452,2,2,1,1
1,f_f014901,3,2,6,1
1,f_f014972,8,2,3,1
2,f_f015247,3,2,5,1
1,f_f015247,3,1,6,1
1,f_f015250,1,1,4,1
3,f_f015250,2,2,1,1
2,f_f015250,2,1,1,1
1,f_f015285,8,2,3,1
1,f_f015319,1,1,4,1
2,f_f015319,2,2,1,1
1,f_f015367,1,1,4,1
1,f_f015409,1,1,4,1
1,f_f015410,8,2,4,1
7,f_f015448,10,2,7,1
9,f_f015448,10,2,5,1
11,f_f015448,10,2,5,1
13,f_f015448,10,2,6,1
15,f_f015448,10,1,6,1
17,f_f015448,10,1,6,1
2,f_f015448,10,2,6,1
19,f_f015448,10,1,6,1
4,f_f015448,10,2,6,1
6,f_f015448,10,2,7,1
8,f_f015448,10,2,5,1
10,f_f015448,10,2,5,1
12,f_f015448,10,2,6,1
14,f_f015448,10,1,6,1
16,f_f015448,10,1,5,1
1,f_f015448,10,2,6,1
18,f_f015448,10,1,6,1
3,f_f015448,10,2,6,1
20,f_f015448,10,1,6,1
5,f_f015448,10,2,6,1
1,f_f015477,8,2,3,1
2,f_f015529,2,1,2,1
1,f_f015529,1,2,4,1
1,f_f015600,1,1,6,1
1,f_f015610,8,1,3,1
1,f_f015703,1,1,5,1
1,f_f015714,8,1,3,1
1,f_f015740,7,2,4,3
1,f_f015841,8,2,3,3
1,f_f015842,1,1,6,1
1,f_f015905,1,1,5,1
1,f_f015954,8,1,4,1
1,f_f016036,8,1,3,1
1,f_f016094,9,1,5,2
1,f_f016105,3,2,5,1
1,f_f016354,8,1,3,1
1,f_f016357,3,2,6,1
1,f_f016391,3,2,6,1
1,f_f016456,7,2,3,1
1,f_f016457,5,2,6,3
1,f_f016470,2,2,3,1
1,f_f016495,8,2,4,1
2,f_f016634,2,2,4,1
1,f_f016634,1,2,6,1
1,f_f016699,3,2,7,1
1,f_f016739,1,1,6,1
1,f_f016818,8,2,4,1
