TRAVEL_ID,MVMN_SE,PAYMENT_SE,PAYMENT_SEQ,MVMN_SE_NM,RSVT_YN,PAYMENT_NUM,BRNO,STORE_NM,PAYMENT_DT,PAYMENT_MTHD_SE,PAYMENT_AMT_WON,PAYMENT_ETC
f_f000543,4,교통비,3,택시,N,1,,삼안운수(자),2023-05-17 20:20,1,6500,택시비
f_f001245,2,주유비,0,렌터카(승용/승합/버스 등등),N,2,,,,,60000,
f_f000979,1,통행료,0,자가용(승용/승합/트럭 등등),N,4,,,,,11000,
f_f004760,1,통행료,0,자가용(승용/승합/트럭 등등),N,1,,,,,19000,
f_f008379,1,통행료,0,자가용(승용/승합/트럭 등등),N,2,,,,,2000,
f_f012426,1,통행료,0,자가용(승용/승합/트럭 등등),N,2,,,,,15300,
f_f015285,1,통행료,0,자가용(승용/승합/트럭 등등),N,2,,,,,2000,
f_f004740,4,교통비,0,택시,N,2,,,,,5500,
f_f005042,5,교통비,0,지하철,N,1,,,,,4500,
f_f006004,4,교통비,0,택시,N,1,,,,,22000,
f_f007571,2,통행료,0,렌터카(승용/승합/버스 등등),N,2,,,,,3200,
f_f008113,7,교통비,2,KTX/SRT(고속열차),N,2,3148210024,한국철도공사,2023-08-22 20:10,3,12000,기차표 
f_f009530,13,교통비,0,시내/마을버스,N,2,,,,,4500,
f_f010099,5,교통비,0,지하철,N,2,,,,,3500,
f_f012976,4,교통비,2,택시,N,2,,,2023-09-09 13:53,1,6900,택시비
f_f013422,4,교통비,3,택시,N,2,5920502690,,2023-09-09 15:04,1,16900,택시비
e_e005633,4,교통비,1,택시,N,2,2108161923,성화통상(주),2023-07-26 19:02,1,5600,택시비 
e_e005633,4,교통비,2,택시,N,2,1078136787,비에이치택시 주식회사,2023-07-27 20:36,1,6200,택시비
e_e005633,4,교통비,3,택시,N,2,4020896538,개인택시,2023-07-28 14:16,1,5100,택시비
e_e005633,4,교통비,4,택시,N,2,2130829609,개인택시,2023-07-28 14:59,1,5800,택시비
e_e005633,50,교통비,0,버스 + 지하철,N,2,,,,,76100,
e_e005633,7,교통비,0,KTX/SRT(고속열차),N,2,,,,,76400,
f_f000011,1,주유비,0,자가용(승용/승합/트럭 등등),N,2,,,,,110000,
f_f000011,1,주차비,0,자가용(승용/승합/트럭 등등),N,2,,,,,1100,
f_f000011,1,통행료,0,자가용(승용/승합/트럭 등등),N,2,,,,,20600,
f_f000013,1,주유비,0,자가용(승용/승합/트럭 등등),N,3,,,,,60000,
f_f000013,1,통행료,0,자가용(승용/승합/트럭 등등),N,3,,,,,30000,
f_f000027,1,주유비,0,자가용(승용/승합/트럭 등등),N,1,,,,,100000,
f_f000027,1,주차비,0,자가용(승용/승합/트럭 등등),N,1,,,,,16000,
f_f000027,1,통행료,0,자가용(승용/승합/트럭 등등),N,1,,,,,30000,
f_f000040,1,주유비,0,자가용(승용/승합/트럭 등등),N,4,,,,,60000,
f_f000040,1,통행료,0,자가용(승용/승합/트럭 등등),N,4,,,,,21000,
f_f000040,4,교통비,0,택시,N,3,,,,,14000,
f_f000040,5,교통비,0,지하철,N,8,,,,,1250,
f_f000267,11,교통비,0,관광버스,N,1,,,,,20000,
f_f000267,50,교통비,0,버스 + 지하철,N,1,,,,,11000,
f_f000267,7,교통비,0,KTX/SRT(고속열차),N,1,,,,,87600,
f_f000267,7,교통비,1,KTX/SRT(고속열차),Y,1,3148210024,한국철도공사,2023-04-27 23:20,1,21900,기차표
f_f000291,16,교통비,0,기타,N,1,,,,,12500,
f_f000291,5,교통비,0,지하철,N,1,,,,,5200,
f_f000338,1,주유비,0,자가용(승용/승합/트럭 등등),N,2,,,,,80000,
f_f000338,1,통행료,0,자가용(승용/승합/트럭 등등),N,2,,,,,20200,
f_f000382,1,주유비,0,자가용(승용/승합/트럭 등등),N,4,,,,,30000,
f_f000382,1,통행료,0,자가용(승용/승합/트럭 등등),N,4,,,,,15200,
f_f000384,1,주유비,0,자가용(승용/승합/트럭 등등),N,2,,,,,50000,
f_f000384,1,통행료,0,자가용(승용/승합/트럭 등등),N,2,,,,,24400,
f_f000429,50,교통비,0,버스 + 지하철,N,3,,,,,32000,
f_f000429,7,교통비,1,KTX/SRT(고속열차),Y,3,3058631590,(주)SR,2023-05-08 00:00,1,105200,기차표
f_f000429,7,교통비,2,KTX/SRT(고속열차),N,3,3058631590,주식회사 에스알,2023-05-22 10:09,1,52600,기차표
f_f000429,7,교통비,4,KTX/SRT(고속열차),Y,3,3058631590,주식회사 에스알,2023-05-04 00:00,1,103800,기차표
f_f000433,1,주유비,0,자가용(승용/승합/트럭 등등),N,1,,,,,89000,
f_f000433,1,통행료,0,자가용(승용/승합/트럭 등등),N,1,,,,,12400,
f_f000437,11,교통비,0,관광버스,N,3,,,,,144000,
f_f000437,4,교통비,0,택시,N,3,,,,,17800,
f_f000437,5,교통비,0,지하철,N,3,,,,,2500,
f_f000437,7,교통비,0,KTX/SRT(고속열차),N,3,,,,,150400,
f_f000461,4,교통비,0,택시,N,2,,,,,59810,
f_f000461,50,교통비,0,버스 + 지하철,N,2,,,,,20000,
f_f000461,7,교통비,0,KTX/SRT(고속열차),N,2,,,,,193200,
f_f000461,8,교통비,0,새마을/무궁화열차,N,2,,,,,2700,
f_f000473,1,주유비,0,자가용(승용/승합/트럭 등등),N,2,,,,,60000,
f_f000473,1,통행료,0,자가용(승용/승합/트럭 등등),N,2,,,,,9900,
f_f000484,1,주유비,0,자가용(승용/승합/트럭 등등),N,3,,,,,158000,
f_f000484,1,통행료,0,자가용(승용/승합/트럭 등등),N,3,,,,,82600,
f_f000489,12,교통비,0,시외/고속버스,N,1,,,,,46600,
f_f000489,4,교통비,1,택시,N,1,2536200484,,2023-06-06 10:10,1,8100,택시비
f_f000492,1,주유비,0,자가용(승용/승합/트럭 등등),N,4,,,,,50000,
f_f000492,1,통행료,0,자가용(승용/승합/트럭 등등),N,4,,,,,8000,
f_f000516,1,주유비,0,자가용(승용/승합/트럭 등등),N,2,,,,,65000,
f_f000516,1,통행료,0,자가용(승용/승합/트럭 등등),N,2,,,,,22200,
f_f000530,1,주유비,0,자가용(승용/승합/트럭 등등),N,4,,,,,50000,
f_f000530,1,주차비,0,자가용(승용/승합/트럭 등등),N,4,,,,,600,
f_f000530,1,통행료,0,자가용(승용/승합/트럭 등등),N,4,,,,,9650,
f_f000532,1,주유비,0,자가용(승용/승합/트럭 등등),N,4,,,,,119000,
f_f000532,1,주차비,0,자가용(승용/승합/트럭 등등),N,4,,,,,4950,
f_f000532,1,통행료,0,자가용(승용/승합/트럭 등등),N,4,,,,,44200,
f_f000538,1,주유비,0,자가용(승용/승합/트럭 등등),N,4,,,,,60000,
f_f000538,1,통행료,0,자가용(승용/승합/트럭 등등),N,4,,,,,25600,
f_f000543,13,교통비,0,시내/마을버스,N,1,,,,,7490,
f_f000543,2,렌탈비,1,렌터카(승용/승합/버스 등등),N,1,6168190529,(주)쏘카,2023-05-16 14:00,1,19880,렌트비
f_f000543,4,교통비,1,택시,N,1,,대영운수(자),2023-05-16 13:54,1,3800,택시비
f_f000543,4,교통비,2,택시,N,1,2220315254,,2023-05-17 17:17,1,4600,택시비
f_f000543,4,교통비,4,택시,N,1,,,2023-05-18 10:40,1,4600,택시비
f_f000543,4,교통비,5,택시,N,1,,,2023-05-18 17:34,1,4800,택시비
f_f000543,7,교통비,0,KTX/SRT(고속열차),N,1,,,,,58300,
f_f000543,8,교통비,0,새마을/무궁화열차,N,1,,,,,8000,
f_f000568,4,교통비,0,택시,N,2,,,,,12000,
f_f000568,5,교통비,0,지하철,N,2,,,,,5400,
f_f000568,7,교통비,0,KTX/SRT(고속열차),N,2,,,,,55200,
f_f000586,1,주유비,0,자가용(승용/승합/트럭 등등),N,1,,,,,15000,
f_f000586,1,통행료,0,자가용(승용/승합/트럭 등등),N,1,,,,,5400,
f_f000591,1,주유비,0,자가용(승용/승합/트럭 등등),N,3,,,,,40000,
f_f000591,1,통행료,0,자가용(승용/승합/트럭 등등),N,3,,,,,2100,
f_f000609,1,주유비,0,자가용(승용/승합/트럭 등등),N,4,,,,,50000,
f_f000609,1,주차비,0,자가용(승용/승합/트럭 등등),N,4,,,,,2000,
f_f000609,1,통행료,0,자가용(승용/승합/트럭 등등),N,4,,,,,22000,
f_f000611,1,주유비,0,자가용(승용/승합/트럭 등등),N,5,,,,,30000,
f_f000611,1,통행료,0,자가용(승용/승합/트럭 등등),N,5,,,,,13000,
f_f000627,1,주유비,0,자가용(승용/승합/트럭 등등),N,5,,,,,65850,
f_f000650,12,교통비,0,시외/고속버스,N,1,,,,,28000,
f_f000650,4,교통비,1,택시,N,1,2221347982,개인택시,2023-06-06 10:51,1,4200,택시비
f_f000650,4,교통비,2,택시,N,1,2228100614,덕재운송(주),2023-06-06 11:59,1,3800,택시비
f_f000650,4,교통비,3,택시,N,1,2228114379,개인택시,2023-06-06 14:06,1,20400,택시비
f_f000650,4,교통비,4,택시,N,1,2228100593,,2023-06-07 12:16,1,7600,택시비
f_f000650,4,교통비,5,택시,N,1,5651001048,,2023-06-07 15:12,1,4000,택시비
f_f000650,7,교통비,1,KTX/SRT(고속열차),Y,1,3148210024,한국철도공사,2023-05-12 22:51,1,49200,기차표
f_f000655,16,교통비,0,기타,N,2,,,,,9000,
f_f000655,4,교통비,0,택시,N,2,,,,,70300,
f_f000655,50,교통비,0,버스 + 지하철,N,2,,,,,14000,
f_f000655,7,교통비,0,KTX/SRT(고속열차),N,2,,,,,112200,
f_f000655,8,교통비,0,새마을/무궁화열차,N,2,,,,,11000,
f_f000657,50,교통비,0,버스 + 지하철,N,1,,,,,8200,
f_f000669,50,교통비,0,버스 + 지하철,N,4,,,,,12600,
f_f000669,7,교통비,1,KTX/SRT(고속열차),Y,4,3148210024,한국철도공사,2023-05-11 19:48,1,135400,기차표
f_f000669,7,교통비,2,KTX/SRT(고속열차),Y,4,3148210024,한국철도공사,2023-05-06 15:05,1,110500,기차표
f_f000689,1,주유비,0,자가용(승용/승합/트럭 등등),N,2,,,,,50000,
f_f000710,1,주유비,0,자가용(승용/승합/트럭 등등),N,3,,,,,70000,
f_f000710,1,주차비,0,자가용(승용/승합/트럭 등등),N,3,,,,,4200,
f_f000710,1,통행료,0,자가용(승용/승합/트럭 등등),N,3,,,,,26600,
f_f000730,1,주유비,0,자가용(승용/승합/트럭 등등),N,4,,,,,50000,
f_f000730,1,통행료,0,자가용(승용/승합/트럭 등등),N,4,,,,,17700,
f_f000740,1,주유비,0,자가용(승용/승합/트럭 등등),N,1,,,,,50000,
f_f000740,1,통행료,0,자가용(승용/승합/트럭 등등),N,1,,,,,20000,
f_f000767,1,주유비,0,자가용(승용/승합/트럭 등등),N,3,,,,,30999,
f_f000767,1,주차비,0,자가용(승용/승합/트럭 등등),N,3,,,,,10900,
f_f000767,1,통행료,0,자가용(승용/승합/트럭 등등),N,3,,,,,8400,
f_f000782,1,주유비,0,자가용(승용/승합/트럭 등등),N,4,,,,,30000,
f_f000790,1,주유비,0,자가용(승용/승합/트럭 등등),N,3,,,,,50000,
f_f000790,1,주차비,0,자가용(승용/승합/트럭 등등),N,3,,,,,700,
f_f000790,1,통행료,0,자가용(승용/승합/트럭 등등),N,3,,,,,10000,
f_f000831,1,주유비,0,자가용(승용/승합/트럭 등등),N,3,,,,,60000,
f_f000835,4,교통비,1,택시,N,1,1338106545,연희택시(주),2023-05-22 00:03,1,24300,택시비
f_f000835,50,교통비,0,버스 + 지하철,N,1,,,,,10300,
f_f000835,7,교통비,1,KTX/SRT(고속열차),Y,1,3148210024,한국철도공사,2023-05-17 23:37,1,97300,기차표
f_f000835,7,교통비,2,KTX/SRT(고속열차),N,1,3148210024,한국철도공사	,2023-05-20 22:17,3,97600,기차표
f_f000844,1,주차비,0,자가용(승용/승합/트럭 등등),N,2,,,,,7000,
f_f000844,7,교통비,1,KTX/SRT(고속열차),N,2,3148210024,한국철도공사,2023-05-20 09:59,3,53500,기차표
f_f000844,7,교통비,2,KTX/SRT(고속열차),Y,2,3148210024,한국철도공사,2023-05-17 17:46,3,53500,기차표
f_f000869,1,통행료,0,자가용(승용/승합/트럭 등등),N,2,,,,,19200,
f_f000879,50,교통비,0,버스 + 지하철,N,2,,,,,37200,
f_f000879,7,교통비,0,KTX/SRT(고속열차),N,2,,,,,209000,
f_f000889,4,교통비,1,택시,N,1,6435500146,포항개인택시,2023-05-29 10:21,1,4800,택시비
f_f000889,50,교통비,0,버스 + 지하철,N,1,,,,,42200,
f_f000889,7,교통비,1,KTX/SRT(고속열차),Y,1,3148210024,한국철도공사,2023-05-17 00:00,1,51200,기차표
f_f000925,1,주유비,0,자가용(승용/승합/트럭 등등),N,1,,,,,100000,
f_f000925,1,통행료,0,자가용(승용/승합/트럭 등등),N,1,,,,,23000,
f_f000935,1,주유비,0,자가용(승용/승합/트럭 등등),N,2,,,,,137000,
f_f000935,1,통행료,0,자가용(승용/승합/트럭 등등),N,2,,,,,60000,
f_f000940,1,주유비,0,자가용(승용/승합/트럭 등등),N,4,,,,,5000,
f_f000952,1,주유비,0,자가용(승용/승합/트럭 등등),N,4,,,,,60000,
f_f000952,1,주유비,1,자가용(승용/승합/트럭 등등),N,4,6118503973,거창(광주방향)주유소,2023-05-24 17:03,1,60000,주유비
f_f000952,1,통행료,0,자가용(승용/승합/트럭 등등),N,4,,,,,29000,
f_f000959,1,주유비,0,자가용(승용/승합/트럭 등등),N,4,,,,,50000,
f_f000959,1,통행료,0,자가용(승용/승합/트럭 등등),N,4,,,,,9200,
f_f000973,1,주유비,0,자가용(승용/승합/트럭 등등),N,3,,,,,90000,
f_f000973,1,주차비,0,자가용(승용/승합/트럭 등등),N,3,,,,,2000,
f_f000973,1,통행료,0,자가용(승용/승합/트럭 등등),N,3,,,,,7200,
f_f000979,1,주유비,0,자가용(승용/승합/트럭 등등),N,4,,,,,100000,
f_f000979,1,주차비,0,자가용(승용/승합/트럭 등등),N,4,,,,,2000,
f_f001026,1,주유비,0,자가용(승용/승합/트럭 등등),N,4,,,,,85000,
f_f001026,1,통행료,0,자가용(승용/승합/트럭 등등),N,4,,,,,21600,
f_f001059,1,주유비,0,자가용(승용/승합/트럭 등등),N,4,,,,,30000,
f_f001059,1,통행료,0,자가용(승용/승합/트럭 등등),N,4,,,,,5000,
f_f001074,1,주유비,0,자가용(승용/승합/트럭 등등),N,2,,,,,20000,
f_f001074,1,주차비,0,자가용(승용/승합/트럭 등등),N,2,,,,,3000,
f_f001074,1,통행료,0,자가용(승용/승합/트럭 등등),N,2,,,,,8800,
f_f001081,1,주유비,0,자가용(승용/승합/트럭 등등),N,2,,,,,80000,
f_f001081,1,주차비,0,자가용(승용/승합/트럭 등등),N,2,,,,,6500,
f_f001081,1,통행료,0,자가용(승용/승합/트럭 등등),N,2,,,,,21000,
f_f001092,1,주유비,0,자가용(승용/승합/트럭 등등),N,1,,,,,45870,
f_f001112,4,교통비,0,택시,N,3,,,,,20000,
f_f001112,50,교통비,0,버스 + 지하철,N,3,,,,,18000,
f_f001112,7,교통비,1,KTX/SRT(고속열차),N,3,3148210024,한국철도공사,2023-06-06 00:00,1,0,기차표
f_f001112,7,교통비,2,KTX/SRT(고속열차),N,3,3148210024,한국철도공사,2023-06-03 13:17,1,0,기차표
f_f001116,1,주유비,0,자가용(승용/승합/트럭 등등),N,2,,,,,50000,
f_f001116,3,주유비,0,캠핑카(자차 및 렌탈),N,2,,,,,100000,
f_f001116,3,통행료,0,캠핑카(자차 및 렌탈),N,2,,,,,20000,
f_f001116,4,교통비,1,택시,N,2,5100809955,개인택시,2023-05-26 17:32,1,17800,택시비
f_f001116,5,교통비,0,지하철,N,2,,,,,1250,
f_f001117,1,주유비,0,자가용(승용/승합/트럭 등등),N,3,,,,,46500,
f_f001124,1,주유비,0,자가용(승용/승합/트럭 등등),N,4,,,,,78000,
f_f001124,1,통행료,0,자가용(승용/승합/트럭 등등),N,4,,,,,42000,
f_f001131,1,주유비,0,자가용(승용/승합/트럭 등등),N,4,,,,,50000,
f_f001131,1,주차비,0,자가용(승용/승합/트럭 등등),N,4,,,,,3000,
f_f001131,1,통행료,0,자가용(승용/승합/트럭 등등),N,4,,,,,2000,
f_f001134,1,주유비,0,자가용(승용/승합/트럭 등등),N,2,,,,,44000,
f_f001134,1,주차비,0,자가용(승용/승합/트럭 등등),N,2,,,,,5000,
f_f001134,1,통행료,0,자가용(승용/승합/트럭 등등),N,2,,,,,20000,
f_f001181,1,주유비,0,자가용(승용/승합/트럭 등등),N,1,,,,,100000,
f_f001181,1,통행료,0,자가용(승용/승합/트럭 등등),N,1,,,,,5000,
f_f001184,1,주차비,0,자가용(승용/승합/트럭 등등),N,4,,,,,17000,
f_f001184,1,통행료,0,자가용(승용/승합/트럭 등등),N,4,,,,,35000,
f_f001226,1,주유비,0,자가용(승용/승합/트럭 등등),N,3,,,,,100000,
f_f001226,1,주차비,0,자가용(승용/승합/트럭 등등),N,3,,,,,1000,
f_f001226,1,통행료,0,자가용(승용/승합/트럭 등등),N,3,,,,,24700,
f_f001233,1,주유비,0,자가용(승용/승합/트럭 등등),N,5,,,,,100000,
f_f001233,1,주차비,0,자가용(승용/승합/트럭 등등),N,4,,,,,5000,
f_f001233,1,통행료,0,자가용(승용/승합/트럭 등등),N,4,,,,,25000,
f_f001245,1,주차비,0,자가용(승용/승합/트럭 등등),N,2,,,,,44500,
f_f001245,1,통행료,0,자가용(승용/승합/트럭 등등),N,2,,,,,900,
f_f001245,12,교통비,0,시외/고속버스,N,2,,,,,71600,
f_f001245,2,렌탈비,0,렌터카(승용/승합/버스 등등),N,2,,,,,212000,
f_f001245,2,주차비,0,렌터카(승용/승합/버스 등등),N,2,,,,,5000,
f_f001245,2,통행료,0,렌터카(승용/승합/버스 등등),N,2,,,,,1400,
f_f001245,4,교통비,0,택시,N,2,,,,,4300,
f_f001245,9,교통비,0,항공기,N,2,,,,,221800,
f_f001321,1,주유비,0,자가용(승용/승합/트럭 등등),N,4,,,,,47908,
f_f001321,1,주차비,0,자가용(승용/승합/트럭 등등),N,4,,,,,2000,
f_f001321,1,통행료,0,자가용(승용/승합/트럭 등등),N,4,,,,,26200,
f_f001336,13,교통비,0,시내/마을버스,N,4,,,,,8900,
f_f001336,8,교통비,0,새마을/무궁화열차,N,4,,,,,65700,
f_f001363,1,주유비,0,자가용(승용/승합/트럭 등등),N,1,,,,,80000,
f_f001363,1,주차비,0,자가용(승용/승합/트럭 등등),N,1,,,,,3000,
f_f001363,1,통행료,0,자가용(승용/승합/트럭 등등),N,1,,,,,35000,
f_f001421,1,주유비,0,자가용(승용/승합/트럭 등등),N,1,,,,,40000,
f_f001421,1,통행료,0,자가용(승용/승합/트럭 등등),N,1,,,,,17000,
f_f001421,13,교통비,0,시내/마을버스,N,1,,,,,1300,
f_f001440,1,주유비,0,자가용(승용/승합/트럭 등등),N,2,,,,,30000,
f_f001440,1,주차비,0,자가용(승용/승합/트럭 등등),N,2,,,,,7250,
f_f001440,1,통행료,0,자가용(승용/승합/트럭 등등),N,2,,,,,3800,
f_f001442,1,주유비,0,자가용(승용/승합/트럭 등등),N,4,,,,,40000,
f_f001442,1,통행료,0,자가용(승용/승합/트럭 등등),N,4,,,,,7200,
f_f001446,14,렌탈비,0,자전거,N,2,,,,,2800,
f_f001446,14,렌탈비,1,자전거,N,2,,,2023-05-27 23:37,1,2800,대여료
f_f001446,50,교통비,0,버스 + 지하철,N,2,,,,,20600,
f_f001446,7,교통비,1,KTX/SRT(고속열차),N,2,3148210024,한국철도공사 ,2023-05-27 13:59,3,17100,기차표
f_f001446,8,교통비,1,새마을/무궁화열차,Y,2,3148210024,한국철도공사,2023-05-23 13:43,3,7500,기차표
f_f001487,1,주유비,0,자가용(승용/승합/트럭 등등),N,3,,,,,30000,
f_f001487,1,통행료,0,자가용(승용/승합/트럭 등등),N,3,,,,,2300,
f_f001514,1,주유비,0,자가용(승용/승합/트럭 등등),N,2,,,,,50000,
f_f001514,1,주차비,0,자가용(승용/승합/트럭 등등),N,2,,,,,6900,
f_f001514,1,통행료,0,자가용(승용/승합/트럭 등등),N,2,,,,,29000,
f_f001516,4,교통비,1,택시,N,4,5131419939,,2023-06-05 11:14,1,13800,택시비
f_f001516,4,교통비,2,택시,N,4,7780700252,개인택시,2023-06-05 19:10,1,14600,택시비
f_f001516,50,교통비,0,버스 + 지하철,N,4,,,,,14700,
f_f001544,1,주유비,0,자가용(승용/승합/트럭 등등),N,1,,,,,34874,
f_f001544,1,통행료,0,자가용(승용/승합/트럭 등등),N,1,,,,,4600,
f_f001550,1,주유비,0,자가용(승용/승합/트럭 등등),N,3,,,,,60000,
f_f001550,1,통행료,0,자가용(승용/승합/트럭 등등),N,3,,,,,12000,
f_f001643,1,주유비,0,자가용(승용/승합/트럭 등등),N,3,,,,,9000,
f_f001643,1,통행료,0,자가용(승용/승합/트럭 등등),N,3,,,,,9300,
f_f001658,1,주유비,0,자가용(승용/승합/트럭 등등),N,4,,,,,12000,
f_f001707,1,주유비,0,자가용(승용/승합/트럭 등등),N,2,,,,,15000,
f_f001726,1,주유비,0,자가용(승용/승합/트럭 등등),N,3,,,,,50000,
f_f001726,1,통행료,0,자가용(승용/승합/트럭 등등),N,3,,,,,28000,
f_f001762,1,주유비,0,자가용(승용/승합/트럭 등등),N,4,,,,,93600,
f_f001762,1,통행료,0,자가용(승용/승합/트럭 등등),N,4,,,,,20800,
f_f001843,1,주유비,0,자가용(승용/승합/트럭 등등),N,2,,,,,79000,
f_f001848,1,주유비,0,자가용(승용/승합/트럭 등등),N,3,,,,,50000,
f_f001848,1,통행료,0,자가용(승용/승합/트럭 등등),N,3,,,,,13800,
f_f001901,1,주유비,0,자가용(승용/승합/트럭 등등),N,2,,,,,60000,
f_f001901,1,주차비,0,자가용(승용/승합/트럭 등등),N,2,,,,,2900,
f_f001901,1,통행료,0,자가용(승용/승합/트럭 등등),N,2,,,,,14600,
f_f001902,1,주차비,0,자가용(승용/승합/트럭 등등),N,2,,,,,10000,
f_f001902,4,교통비,0,택시,N,2,,,,,22100,
f_f001902,5,교통비,0,지하철,N,2,,,,,1200,
f_f001902,8,교통비,0,새마을/무궁화열차,N,2,,,,,26600,
f_f001906,1,주유비,0,자가용(승용/승합/트럭 등등),N,3,,,,,60000,
f_f001906,1,주차비,0,자가용(승용/승합/트럭 등등),N,3,,,,,2000,
f_f001906,1,통행료,0,자가용(승용/승합/트럭 등등),N,3,,,,,26000,
f_f001912,13,교통비,0,시내/마을버스,N,3,,,,,1260,
f_f001912,4,교통비,0,택시,N,3,,,,,19200,
f_f001912,7,교통비,0,KTX/SRT(고속열차),N,3,,,,,160200,
f_f001925,13,교통비,0,시내/마을버스,N,1,,,,,9600,
f_f001925,4,교통비,0,택시,N,1,,,,,7600,
f_f002098,1,주유비,0,자가용(승용/승합/트럭 등등),N,4,,,,,50000,
f_f002429,14,렌탈비,0,자전거,N,2,,,,,1500,
f_f002429,14,렌탈비,1,자전거,N,2,5278800686,주식회사 카카오페이,2023-06-03 16:15,1,1500,카카오T_바이크
f_f002429,4,교통비,1,택시,N,2,1298638970,카카오법인택시_5,2023-06-03 15:05,1,10400,택시비
f_f002429,50,교통비,0,버스 + 지하철,N,2,,,,,220000,
f_f002429,7,교통비,1,KTX/SRT(고속열차),Y,2,3148210024,한국철도공사,2023-05-15 15:39,1,59800,기차표
f_f002444,1,주유비,0,자가용(승용/승합/트럭 등등),N,3,,,,,110000,
f_f002444,1,통행료,0,자가용(승용/승합/트럭 등등),N,3,,,,,23000,
f_f002486,1,통행료,0,자가용(승용/승합/트럭 등등),N,2,,,,,9200,
f_f002600,1,통행료,0,자가용(승용/승합/트럭 등등),N,3,,,,,20000,
f_f002626,1,주유비,0,자가용(승용/승합/트럭 등등),N,1,,,,,70000,
f_f002626,1,주차비,0,자가용(승용/승합/트럭 등등),N,1,,,,,2000,
f_f002627,13,교통비,0,시내/마을버스,N,2,,,,,7200,
f_f002627,4,교통비,0,택시,N,2,,,,,26000,
f_f002627,7,교통비,0,KTX/SRT(고속열차),N,2,,,,,44000,
f_f002696,1,주유비,0,자가용(승용/승합/트럭 등등),N,1,,,,,25000,
f_f002696,1,통행료,0,자가용(승용/승합/트럭 등등),N,1,,,,,5200,
f_f002730,12,교통비,0,시외/고속버스,N,1,,,,,17500,
f_f002730,4,교통비,0,택시,N,1,,,,,8400,
f_f002750,1,주유비,0,자가용(승용/승합/트럭 등등),N,2,,,,,30000,
f_f002750,1,통행료,0,자가용(승용/승합/트럭 등등),N,2,,,,,7500,
f_f002755,1,주유비,0,자가용(승용/승합/트럭 등등),N,2,,,,,50000,
f_f002755,1,주차비,0,자가용(승용/승합/트럭 등등),N,2,,,,,10500,
f_f002755,1,통행료,0,자가용(승용/승합/트럭 등등),N,2,,,,,3000,
f_f002762,1,주차비,0,자가용(승용/승합/트럭 등등),N,1,,,,,2000,
f_f002762,1,통행료,0,자가용(승용/승합/트럭 등등),N,1,,,,,7600,
f_f002771,4,교통비,1,택시,N,2,5048105923,금성운수(주),2023-06-03 21:30,1,10900,택시비
f_f002771,50,교통비,0,버스 + 지하철,N,2,,,,,10000,
f_f002771,7,교통비,0,KTX/SRT(고속열차),N,2,,,,,87000,
f_f002830,1,주유비,0,자가용(승용/승합/트럭 등등),N,4,,,,,60000,
f_f002830,1,주차비,0,자가용(승용/승합/트럭 등등),N,4,,,,,200,
f_f002830,1,통행료,0,자가용(승용/승합/트럭 등등),N,4,,,,,9000,
f_f002860,1,주유비,0,자가용(승용/승합/트럭 등등),N,2,,,,,30000,
f_f002860,1,통행료,0,자가용(승용/승합/트럭 등등),N,2,,,,,16000,
f_f002894,2,렌탈비,0,렌터카(승용/승합/버스 등등),N,2,,,,,100000,
f_f002894,2,주유비,0,렌터카(승용/승합/버스 등등),N,2,,,,,20000,
f_f002894,5,교통비,0,지하철,N,2,,,,,2500,
f_f002894,7,교통비,0,KTX/SRT(고속열차),N,2,,,,,177480,
f_f002958,1,주유비,0,자가용(승용/승합/트럭 등등),N,2,,,,,20000,
f_f003256,1,주차비,0,자가용(승용/승합/트럭 등등),N,1,,,,,2200,
f_f003256,1,통행료,0,자가용(승용/승합/트럭 등등),N,1,,,,,6600,
f_f003380,1,통행료,0,자가용(승용/승합/트럭 등등),N,2,,,,,3500,
f_f003440,1,주유비,0,자가용(승용/승합/트럭 등등),N,2,,,,,25000,
f_f003440,1,주차비,0,자가용(승용/승합/트럭 등등),N,2,,,,,12000,
f_f003440,1,통행료,0,자가용(승용/승합/트럭 등등),N,2,,,,,4200,
f_f003469,1,주유비,0,자가용(승용/승합/트럭 등등),N,2,,,,,30000,
f_f003469,1,통행료,0,자가용(승용/승합/트럭 등등),N,2,,,,,13000,
f_f003509,1,주유비,0,자가용(승용/승합/트럭 등등),N,1,,,,,50000,
f_f003509,1,통행료,0,자가용(승용/승합/트럭 등등),N,1,,,,,7200,
f_f003519,5,교통비,0,지하철,N,1,,,,,6250,
f_f003519,8,교통비,0,새마을/무궁화열차,N,1,,,,,20400,
f_f003538,1,주유비,0,자가용(승용/승합/트럭 등등),N,2,,,,,10000,
f_f003538,1,주차비,0,자가용(승용/승합/트럭 등등),N,2,,,,,7000,
f_f003538,1,통행료,0,자가용(승용/승합/트럭 등등),N,2,,,,,3000,
f_f003543,1,주유비,0,자가용(승용/승합/트럭 등등),N,4,,,,,25000,
f_f003543,1,주차비,0,자가용(승용/승합/트럭 등등),N,4,,,,,2000,
f_f003543,1,통행료,0,자가용(승용/승합/트럭 등등),N,4,,,,,7000,
f_f003613,1,주유비,0,자가용(승용/승합/트럭 등등),N,1,,,,,50000,
f_f003613,1,주차비,0,자가용(승용/승합/트럭 등등),N,1,,,,,3000,
f_f003613,1,통행료,0,자가용(승용/승합/트럭 등등),N,1,,,,,9400,
f_f003631,1,통행료,0,자가용(승용/승합/트럭 등등),N,4,,,,,6500,
f_f003747,1,주유비,0,자가용(승용/승합/트럭 등등),N,2,,,,,20000,
f_f003747,1,통행료,0,자가용(승용/승합/트럭 등등),N,2,,,,,1800,
f_f003757,1,주유비,0,자가용(승용/승합/트럭 등등),N,1,,,,,40000,
f_f003757,1,통행료,0,자가용(승용/승합/트럭 등등),N,1,,,,,15400,
f_f003783,2,렌탈비,0,렌터카(승용/승합/버스 등등),N,2,,,,,110500,
f_f003783,2,주유비,0,렌터카(승용/승합/버스 등등),N,2,,,,,7650,
f_f003783,7,교통비,0,KTX/SRT(고속열차),N,2,,,,,26400,
f_f003783,8,교통비,0,새마을/무궁화열차,N,2,,,,,17800,
f_f003828,1,주유비,0,자가용(승용/승합/트럭 등등),N,2,,,,,10000,
f_f004013,1,주유비,0,자가용(승용/승합/트럭 등등),N,3,,,,,50000,
f_f004013,1,통행료,0,자가용(승용/승합/트럭 등등),N,3,,,,,22500,
f_f004078,1,주유비,0,자가용(승용/승합/트럭 등등),N,4,,,,,30000,
f_f004103,1,주유비,0,자가용(승용/승합/트럭 등등),N,2,,,,,60000,
f_f004103,1,통행료,0,자가용(승용/승합/트럭 등등),N,2,,,,,10000,
f_f004112,12,교통비,0,시외/고속버스,N,1,,,,,3500,
f_f004112,4,교통비,0,택시,N,1,,,,,9200,
f_f004112,7,교통비,0,KTX/SRT(고속열차),N,1,,,,,93200,
f_f004131,1,주유비,0,자가용(승용/승합/트럭 등등),N,2,,,,,30000,
f_f004131,1,통행료,0,자가용(승용/승합/트럭 등등),N,2,,,,,2300,
f_f004305,1,주유비,0,자가용(승용/승합/트럭 등등),N,3,,,,,24244,
f_f004305,1,통행료,0,자가용(승용/승합/트럭 등등),N,3,,,,,11200,
f_f004470,1,통행료,0,자가용(승용/승합/트럭 등등),N,3,,,,,2000,
f_f004552,1,주유비,0,자가용(승용/승합/트럭 등등),N,3,,,,,20000,
f_f004552,1,통행료,0,자가용(승용/승합/트럭 등등),N,3,,,,,7000,
f_f004618,1,주유비,0,자가용(승용/승합/트럭 등등),N,4,,,,,20000,
f_f004618,1,통행료,0,자가용(승용/승합/트럭 등등),N,4,,,,,3800,
f_f004657,12,교통비,0,시외/고속버스,N,3,,,,,90000,
f_f004657,4,교통비,1,택시,N,3,,로카모빌리티법인택시,2023-08-05 18:19,1,13100,택시비
f_f004657,50,교통비,0,버스 + 지하철,N,3,,,,,82500,
f_f004703,4,교통비,1,택시,N,1,2261212421,,2023-07-25 20:01,1,6400,택시비
f_f004703,5,교통비,0,지하철,N,1,,,,,4200,
f_f004703,7,교통비,0,KTX/SRT(고속열차),N,1,,,,,47300,
f_f004717,1,주유비,0,자가용(승용/승합/트럭 등등),N,2,,,,,90000,
f_f004717,1,주차비,0,자가용(승용/승합/트럭 등등),N,2,,,,,6000,
f_f004717,1,통행료,0,자가용(승용/승합/트럭 등등),N,2,,,,,27600,
f_f004740,12,교통비,0,시외/고속버스,N,2,,,,,134400,
f_f004760,1,주유비,0,자가용(승용/승합/트럭 등등),N,1,,,,,35000,
f_f004764,4,교통비,0,택시,N,2,,,,,39600,
f_f004764,5,교통비,0,지하철,N,2,,,,,3750,
f_f004764,7,교통비,1,KTX/SRT(고속열차),Y,2,3148210024,한국철도공사,2023-07-20 13:04,1,19700,기차표
f_f004764,7,교통비,2,KTX/SRT(고속열차),N,2,3148210024,한국철도공사,2023-07-24 14:59,1,19700,기차표
f_f004768,1,주유비,0,자가용(승용/승합/트럭 등등),N,2,,,,,70000,
f_f004768,1,통행료,0,자가용(승용/승합/트럭 등등),N,2,,,,,19400,
f_f004947,7,교통비,0,KTX/SRT(고속열차),N,2,,,,,14100,
f_f004947,8,교통비,0,새마을/무궁화열차,N,2,,,,,7700,
f_f004975,4,교통비,1,택시,N,1,2271104515,,2023-08-03 12:19,1,5700,택시비
f_f004975,50,교통비,0,버스 + 지하철,N,1,,,,,59300,
f_f005042,7,교통비,0,KTX/SRT(고속열차),N,1,,,,,107000,
f_f005062,4,교통비,0,택시,N,3,,,,,61900,
f_f005062,5,교통비,0,지하철,N,3,,,,,8100,
f_f005062,7,교통비,0,KTX/SRT(고속열차),N,3,,,,,165600,
f_f005086,1,주유비,0,자가용(승용/승합/트럭 등등),N,3,,,,,50000,
f_f005086,4,교통비,0,택시,N,3,,,,,6100,
f_f005096,1,주유비,0,자가용(승용/승합/트럭 등등),N,2,,,,,54996,
f_f005096,1,주차비,0,자가용(승용/승합/트럭 등등),N,2,,,,,1000,
f_f005096,1,통행료,0,자가용(승용/승합/트럭 등등),N,2,,,,,11950,
f_f005096,13,교통비,0,시내/마을버스,N,2,,,,,6120,
f_f005133,4,교통비,0,택시,N,2,,,,,42100,
f_f005133,50,교통비,0,버스 + 지하철,N,2,,,,,20000,
f_f005133,7,교통비,1,KTX/SRT(고속열차),Y,2,3148210024,한국철도공사,2023-07-08 23:56,1,59800,기차표
f_f005133,8,교통비,2,새마을/무궁화열차,Y,2,3148210024,한국철도공사,2023-07-15 23:23,1,6700,기차표 
f_f005161,1,주차비,0,자가용(승용/승합/트럭 등등),N,2,,,,,1600,
f_f005287,1,주유비,0,자가용(승용/승합/트럭 등등),N,2,,,,,50000,
f_f005287,1,주차비,0,자가용(승용/승합/트럭 등등),N,2,,,,,750,
f_f005287,1,통행료,0,자가용(승용/승합/트럭 등등),N,2,,,,,9000,
f_f005289,1,주유비,0,자가용(승용/승합/트럭 등등),N,3,,,,,108000,
f_f005289,1,주차비,0,자가용(승용/승합/트럭 등등),N,3,,,,,15000,
f_f005289,1,통행료,0,자가용(승용/승합/트럭 등등),N,3,,,,,45000,
f_f005385,1,주유비,0,자가용(승용/승합/트럭 등등),N,2,,,,,70000,
f_f005385,1,주차비,0,자가용(승용/승합/트럭 등등),N,2,,,,,4000,
f_f005385,1,통행료,0,자가용(승용/승합/트럭 등등),N,2,,,,,23200,
f_f005403,1,주차비,0,자가용(승용/승합/트럭 등등),N,4,,,,,2000,
f_f005403,1,통행료,0,자가용(승용/승합/트럭 등등),N,4,,,,,11000,
f_f005414,50,교통비,0,버스 + 지하철,N,2,,,,,15000,
f_f005444,1,주유비,0,자가용(승용/승합/트럭 등등),N,2,,,,,50000,
f_f005444,1,통행료,0,자가용(승용/승합/트럭 등등),N,2,,,,,6400,
f_f005445,1,통행료,0,자가용(승용/승합/트럭 등등),N,2,,,,,21000,
f_f005449,1,주유비,0,자가용(승용/승합/트럭 등등),N,2,,,,,5000,
f_f005449,1,통행료,0,자가용(승용/승합/트럭 등등),N,2,,,,,1300,
f_f005535,12,교통비,0,시외/고속버스,N,2,,,,,23600,
f_f005535,8,교통비,1,새마을/무궁화열차,N,2,3148210024,한국철도공사,2023-08-03 16:48,1,3600,기차표
f_f005573,1,주유비,0,자가용(승용/승합/트럭 등등),N,2,,,,,100000,
f_f005573,1,주차비,0,자가용(승용/승합/트럭 등등),N,2,,,,,5000,
f_f005573,1,통행료,0,자가용(승용/승합/트럭 등등),N,2,,,,,31000,
f_f005602,13,교통비,0,시내/마을버스,N,2,,,,,2500,
f_f005602,4,교통비,0,택시,N,2,,,,,77100,
f_f005602,7,교통비,0,KTX/SRT(고속열차),N,2,,,,,19000,
f_f005661,1,주유비,0,자가용(승용/승합/트럭 등등),N,1,,,,,37388,
f_f005661,1,주차비,0,자가용(승용/승합/트럭 등등),N,1,,,,,3750,
f_f005661,1,통행료,0,자가용(승용/승합/트럭 등등),N,1,,,,,3600,
f_f005686,12,교통비,0,시외/고속버스,N,2,,,,,116000,
f_f005686,4,교통비,1,택시,N,2,,대종운수(주),2023-08-17 18:19,1,3800,택시비
f_f005686,4,교통비,2,택시,N,2,6988802216,강릉시민택시협동조합,2023-08-17 19:16,1,8800,택시비
f_f005686,4,교통비,3,택시,N,2,,강일운수(주),2023-08-18 10:55,1,8400,택시비
f_f005686,4,교통비,4,택시,N,2,,,2023-08-18 13:29,1,3800,택시비
f_f005686,4,교통비,5,택시,N,2,2268101667, (합자)동아,2023-08-17 14:54,1,4500,택시비
f_f005823,1,통행료,0,자가용(승용/승합/트럭 등등),N,2,,,,,17200,
f_f005914,5,교통비,0,지하철,N,2,,,,,3700,
f_f005914,7,교통비,1,KTX/SRT(고속열차),Y,2,3148210024,한국철도공사,2023-09-09 23:30,1,12000,기차표
f_f005914,7,교통비,3,KTX/SRT(고속열차),Y,2,3058631590,주식회사 에스알,2023-09-09 00:00,1,7400,기차표
f_f005914,8,교통비,1,새마을/무궁화열차,Y,2,3148210024,한국철도공사,2023-09-09 00:00,1,5800,기차표
f_f006004,12,교통비,0,시외/고속버스,N,1,,,,,5000,
f_f006004,2,렌탈비,0,렌터카(승용/승합/버스 등등),N,1,,,,,36470,
f_f006004,7,교통비,0,KTX/SRT(고속열차),N,1,,,,,130000,
f_f006006,50,교통비,0,버스 + 지하철,N,2,,,,,30300,
f_f006357,1,주유비,0,자가용(승용/승합/트럭 등등),N,4,,,,,30000,
f_f006380,1,주유비,0,자가용(승용/승합/트럭 등등),N,3,,,,,10000,
f_f006481,16,교통비,0,기타,N,2,,,,,36400,
f_f006481,4,교통비,1,택시,N,2,,,2023-08-19 15:58,1,12700,택시비 
f_f006481,4,교통비,2,택시,N,2,,,2023-08-20 14:51,1,5800,택시비 
f_f006481,50,교통비,0,버스 + 지하철,N,2,,,,,7100,
f_f006520,2,렌탈비,1,렌터카(승용/승합/버스 등등),N,1,6168190529,주식회사 쏘카,2023-09-10 17:16,3,5750,렌트비
f_f006520,2,렌탈비,2,렌터카(승용/승합/버스 등등),N,1,6168190529,주식회사 쏘카,2023-09-10 16:58,3,5960,렌트비
f_f006520,2,렌탈비,3,렌터카(승용/승합/버스 등등),N,1,6168190529,주식회사 쏘카,2023-09-10 16:47,1,5956,렌트비 
f_f006520,2,렌탈비,4,렌터카(승용/승합/버스 등등),N,1,6168190529,주식회사 쏘카,2023-09-10 12:50,3,30420,렌트비
f_f006520,2,렌탈비,5,렌터카(승용/승합/버스 등등),Y,1,3148653943,주식회사 피플카,2023-09-06 12:05,1,8940,렌트비
f_f006520,2,주차비,0,렌터카(승용/승합/버스 등등),N,1,,,,,1500,
f_f006520,5,교통비,0,지하철,N,1,,,,,5450,
f_f006520,7,교통비,2,KTX/SRT(고속열차),Y,1,3148210024,한국철도공사,2023-09-03 17:49,1,70000,기차표 
f_f006526,1,주유비,0,자가용(승용/승합/트럭 등등),N,4,,,,,14000,
f_f006526,1,통행료,0,자가용(승용/승합/트럭 등등),N,4,,,,,11400,
f_f006605,1,주차비,0,자가용(승용/승합/트럭 등등),N,1,,,,,2350,
f_f006655,1,주유비,0,자가용(승용/승합/트럭 등등),N,4,,,,,50000,
f_f006655,1,통행료,0,자가용(승용/승합/트럭 등등),N,4,,,,,20000,
f_f006739,1,주유비,0,자가용(승용/승합/트럭 등등),N,2,,,,,70000,
f_f006739,1,통행료,0,자가용(승용/승합/트럭 등등),N,2,,,,,34000,
f_f006888,1,통행료,0,자가용(승용/승합/트럭 등등),N,2,,,,,5600,
f_f006895,1,주유비,0,자가용(승용/승합/트럭 등등),N,2,,,,,70000,
f_f006895,1,주차비,0,자가용(승용/승합/트럭 등등),N,2,,,,,5500,
f_f006895,1,통행료,0,자가용(승용/승합/트럭 등등),N,2,,,,,18200,
f_f006926,1,주유비,0,자가용(승용/승합/트럭 등등),N,2,,,,,73656,
f_f006926,1,통행료,0,자가용(승용/승합/트럭 등등),N,2,,,,,30000,
f_f006932,1,주차비,0,자가용(승용/승합/트럭 등등),N,2,,,,,15000,
f_f006932,4,교통비,1,택시,N,2,,,2023-08-27 01:02,1,17030,택시비
f_f006932,5,교통비,0,지하철,N,2,,,,,4100,
f_f006932,7,교통비,1,KTX/SRT(고속열차),N,2,3148210024,한국철도공사,2023-08-27 15:51,1,46500,기차표
f_f006932,7,교통비,2,KTX/SRT(고속열차),Y,2,3058631590,주식회사 에스알,2023-08-25 00:00,1,41600,기차표 
f_f007107,1,주유비,0,자가용(승용/승합/트럭 등등),N,4,,,,,75000,
f_f007107,1,통행료,0,자가용(승용/승합/트럭 등등),N,4,,,,,21900,
f_f007188,1,주유비,0,자가용(승용/승합/트럭 등등),N,2,,,,,50000,
f_f007188,1,통행료,0,자가용(승용/승합/트럭 등등),N,2,,,,,9000,
f_f007228,1,주유비,0,자가용(승용/승합/트럭 등등),N,3,,,,,80000,
f_f007228,1,통행료,0,자가용(승용/승합/트럭 등등),N,3,,,,,20600,
f_f007234,50,교통비,0,버스 + 지하철,N,2,,,,,17100,
f_f007234,7,교통비,1,KTX/SRT(고속열차),Y,2,3148210024,한국철도공사,2023-08-14 00:50,3,16800,기차표
f_f007234,7,교통비,2,KTX/SRT(고속열차),Y,2,3148210024,한국철도공사,2023-08-12 17:00,3,17100,기차표 
f_f007260,2,렌탈비,0,렌터카(승용/승합/버스 등등),N,2,,,,,174740,
f_f007260,2,주유비,0,렌터카(승용/승합/버스 등등),N,2,,,,,146550,
f_f007508,1,주유비,0,자가용(승용/승합/트럭 등등),N,2,,,,,50000,
f_f007508,1,통행료,0,자가용(승용/승합/트럭 등등),N,2,,,,,18600,
f_f007571,13,교통비,0,시내/마을버스,N,2,,,,,5400,
f_f007571,2,렌탈비,0,렌터카(승용/승합/버스 등등),N,2,,,,,203120,
f_f007571,7,교통비,0,KTX/SRT(고속열차),N,2,,,,,104000,
f_f007889,4,교통비,0,택시,N,2,,,,,30600,
f_f007889,5,교통비,0,지하철,N,2,,,,,8060,
f_f007889,7,교통비,0,KTX/SRT(고속열차),N,2,,,,,55200,
f_f007925,12,교통비,0,시외/고속버스,N,1,,,,,96100,
f_f007925,13,교통비,0,시내/마을버스,N,1,,,,,9060,
f_f007925,4,교통비,0,택시,N,1,,,,,63700,
f_f008076,1,통행료,0,자가용(승용/승합/트럭 등등),N,2,,,,,15200,
f_f008079,1,주유비,0,자가용(승용/승합/트럭 등등),N,2,,,,,50000,
f_f008079,1,주차비,0,자가용(승용/승합/트럭 등등),N,2,,,,,2000,
f_f008079,1,통행료,0,자가용(승용/승합/트럭 등등),N,2,,,,,10000,
f_f008113,5,교통비,0,지하철,N,2,,,,,6000,
f_f008113,8,교통비,2,새마을/무궁화열차,Y,2,3148210024,한국철도공사,2023-08-18 01:55,3,7700,기차표 
f_f008157,50,교통비,0,버스 + 지하철,N,1,,,,,12000,
f_f008157,7,교통비,0,KTX/SRT(고속열차),N,1,,,,,99200,
f_f008176,1,주유비,0,자가용(승용/승합/트럭 등등),N,4,,,,,70000,
f_f008176,1,주차비,0,자가용(승용/승합/트럭 등등),N,4,,,,,15000,
f_f008176,1,통행료,0,자가용(승용/승합/트럭 등등),N,4,,,,,35000,
f_f008176,50,교통비,0,버스 + 지하철,N,5,,,,,10000,
f_f008182,12,교통비,0,시외/고속버스,N,6,,,,,28800,
f_f008259,1,주유비,0,자가용(승용/승합/트럭 등등),N,2,,,,,20000,
f_f008259,1,통행료,0,자가용(승용/승합/트럭 등등),N,2,,,,,23000,
f_f008380,1,주유비,0,자가용(승용/승합/트럭 등등),N,4,,,,,63000,
f_f008380,1,통행료,0,자가용(승용/승합/트럭 등등),N,4,,,,,24000,
f_f008418,4,교통비,0,택시,N,2,,,,,38200,
f_f008418,5,교통비,0,지하철,N,2,,,,,9000,
f_f008418,7,교통비,0,KTX/SRT(고속열차),N,2,,,,,79500,
f_f008427,1,주유비,0,자가용(승용/승합/트럭 등등),N,4,,,,,70000,
f_f008427,1,통행료,0,자가용(승용/승합/트럭 등등),N,4,,,,,14200,
f_f008567,1,주유비,0,자가용(승용/승합/트럭 등등),N,4,,,,,82000,
f_f008567,1,통행료,0,자가용(승용/승합/트럭 등등),N,4,,,,,4400,
f_f008608,1,주유비,0,자가용(승용/승합/트럭 등등),N,2,,,,,60000,
f_f008608,1,통행료,0,자가용(승용/승합/트럭 등등),N,2,,,,,5000,
f_f008814,1,주유비,0,자가용(승용/승합/트럭 등등),N,6,,,,,49000,
f_f008814,1,통행료,0,자가용(승용/승합/트럭 등등),N,4,,,,,5000,
f_f008862,1,주유비,0,자가용(승용/승합/트럭 등등),N,3,,,,,34079,
f_f008862,1,통행료,0,자가용(승용/승합/트럭 등등),N,3,,,,,20200,
f_f009182,50,교통비,0,버스 + 지하철,N,1,,,,,11000,
f_f009182,7,교통비,1,KTX/SRT(고속열차),N,1,3148210024,한국철도공사,2023-08-22 04:40,1,20300,기차표 
f_f009182,7,교통비,2,KTX/SRT(고속열차),Y,1,3148210024,한국철도공사,2023-08-21 16:12,1,20800,기차표 
f_f009188,1,주유비,0,자가용(승용/승합/트럭 등등),N,4,,,,,30000,
f_f009188,1,통행료,0,자가용(승용/승합/트럭 등등),N,4,,,,,9400,
f_f009201,2,렌탈비,0,렌터카(승용/승합/버스 등등),N,2,,,,,170000,
f_f009255,16,교통비,0,기타,N,2,,,,,3000,
f_f009255,4,교통비,0,택시,N,2,,,,,13000,
f_f009255,50,교통비,0,버스 + 지하철,N,2,,,,,33600,
f_f009257,4,교통비,1,택시,N,2,5051118850,개인택시,2023-08-24 16:57,1,4000,택시비 
f_f009257,50,교통비,0,버스 + 지하철,N,2,,,,,43600,
f_f009311,4,교통비,0,택시,N,2,,,,,80900,
f_f009311,5,교통비,0,지하철,N,2,,,,,7600,
f_f009311,8,교통비,0,새마을/무궁화열차,N,2,,,,,71200,
f_f009462,5,교통비,0,지하철,N,2,,,,,4500,
f_f009462,7,교통비,1,KTX/SRT(고속열차),N,2,3148210024,한국철도공사,2023-08-26 16:41,1,41300,기차표 
f_f009530,2,주차비,0,렌터카(승용/승합/버스 등등),N,2,,,,,2000,
f_f009530,7,교통비,0,KTX/SRT(고속열차),N,2,,,,,84800,
f_f009562,1,주유비,0,자가용(승용/승합/트럭 등등),N,3,,,,,10000,
f_f009562,1,통행료,0,자가용(승용/승합/트럭 등등),N,3,,,,,3000,
f_f009750,1,통행료,0,자가용(승용/승합/트럭 등등),N,3,,,,,11300,
f_f009756,13,교통비,0,시내/마을버스,N,1,,,,,3750,
f_f009828,1,통행료,0,자가용(승용/승합/트럭 등등),N,2,,,,,12000,
f_f009968,1,주유비,0,자가용(승용/승합/트럭 등등),N,2,,,,,100000,
f_f009968,1,주차비,0,자가용(승용/승합/트럭 등등),N,2,,,,,5000,
f_f009968,1,통행료,0,자가용(승용/승합/트럭 등등),N,2,,,,,40000,
f_f010067,5,교통비,0,지하철,N,2,,,,,6700,
f_f010099,4,교통비,0,택시,N,2,,,,,6300,
f_f010099,7,교통비,0,KTX/SRT(고속열차),N,2,,,,,32500,
f_f010099,8,교통비,0,새마을/무궁화열차,N,2,,,,,6700,
f_f010302,1,주유비,0,자가용(승용/승합/트럭 등등),N,3,,,,,35000,
f_f010302,1,주차비,0,자가용(승용/승합/트럭 등등),N,3,,,,,3000,
f_f010302,1,통행료,0,자가용(승용/승합/트럭 등등),N,3,,,,,15800,
f_f010337,4,교통비,0,택시,N,5,,,,,33000,
f_f010337,4,교통비,1,택시,N,5,6014723932,,2023-08-27 14:57,1,5100,택시비
f_f010337,50,교통비,0,버스 + 지하철,N,5,,,,,33750,
f_f010337,7,교통비,1,KTX/SRT(고속열차),Y,5,3148210024,한국철도공사,2023-08-01 17:03,3,203200,기차표
f_f010337,7,교통비,2,KTX/SRT(고속열차),Y,5,3148210024,한국철도공사,2023-08-01 13:08,1,203200,기차표 
f_f010443,1,주차비,0,자가용(승용/승합/트럭 등등),N,2,,,,,12500,
f_f010443,1,통행료,0,자가용(승용/승합/트럭 등등),N,2,,,,,9000,
f_f010522,1,주차비,0,자가용(승용/승합/트럭 등등),N,3,,,,,1000,
f_f010522,1,통행료,0,자가용(승용/승합/트럭 등등),N,3,,,,,3800,
f_f010564,4,교통비,1,택시,N,2,6151393863,,2023-08-22 12:01,1,9900,택시비
f_f010564,5,교통비,0,지하철,N,2,,,,,6200,
f_f010656,1,주유비,0,자가용(승용/승합/트럭 등등),N,1,,,,,30232,
f_f010656,1,통행료,0,자가용(승용/승합/트럭 등등),N,1,,,,,6000,
f_f010778,1,주유비,0,자가용(승용/승합/트럭 등등),N,2,,,,,37000,
f_f010778,1,통행료,0,자가용(승용/승합/트럭 등등),N,2,,,,,4000,
f_f010784,1,주유비,0,자가용(승용/승합/트럭 등등),N,4,,,,,58415,
f_f010785,1,주유비,0,자가용(승용/승합/트럭 등등),N,2,,,,,20000,
f_f010785,1,주차비,0,자가용(승용/승합/트럭 등등),N,2,,,,,3000,
f_f010875,12,교통비,0,시외/고속버스,N,1,,,,,13000,
f_f010875,4,교통비,1,택시,N,1,2268101333,용봉운수(주),2023-08-28 15:41,1,4400,택시비 
f_f010875,4,교통비,2,택시,N,1,4506500276,,2023-08-28 16:40,1,4500,택시비
f_f010914,2,렌탈비,0,렌터카(승용/승합/버스 등등),N,2,,,,,28050,
f_f010914,2,주유비,0,렌터카(승용/승합/버스 등등),N,2,,,,,6480,
f_f010914,5,교통비,0,지하철,N,2,,,,,5000,
f_f010978,4,교통비,0,택시,N,1,,,,,15900,
f_f010978,50,교통비,0,버스 + 지하철,N,1,,,,,37700,
f_f010978,7,교통비,0,KTX/SRT(고속열차),N,1,,,,,33000,
f_f011070,1,주차비,0,자가용(승용/승합/트럭 등등),N,1,,,,,12600,
f_f011070,1,통행료,0,자가용(승용/승합/트럭 등등),N,1,,,,,750,
f_f011070,13,교통비,0,시내/마을버스,N,1,,,,,1200,
f_f011070,4,교통비,1,택시,N,1,1901200290,,2023-08-28 18:13,1,4800,택시비
f_f011070,4,교통비,2,택시,N,1,1298638970,로카모빌리티(주) ,2023-08-28 18:13,1,4800,택시비
f_f011070,4,교통비,3,택시,N,1,1048183559,주식회사 티머니,2023-08-28 19:31,1,17600,택시비
f_f011070,4,교통비,4,택시,N,1,1298638970,로카모빌리티(주),2023-08-28 21:11,1,11200,택시비
f_f011070,7,교통비,1,KTX/SRT(고속열차),Y,1,3148210024,한국철도공사,2023-08-26 20:27,3,15400,기차표
f_f011070,7,교통비,2,KTX/SRT(고속열차),N,1,3148210024,한국철도공사,2023-08-28 21:13,3,17100,기차표
f_f011221,1,주유비,0,자가용(승용/승합/트럭 등등),N,2,,,,,30000,
f_f011221,1,통행료,0,자가용(승용/승합/트럭 등등),N,2,,,,,5000,
f_f011268,13,교통비,0,시내/마을버스,N,2,,,,,9500,
f_f011268,4,교통비,0,택시,N,2,,,,,19400,
f_f011268,7,교통비,1,KTX/SRT(고속열차),N,2,3148210024,한국철도공사,2023-08-31 18:35,1,25400,기차표 
f_f011268,7,교통비,2,KTX/SRT(고속열차),Y,2,3148210024,한국철도공사,2023-08-11 13:51,1,25800,기차표 
f_f011268,7,교통비,3,KTX/SRT(고속열차),N,2,3148210024,한국철도공사 ,2023-08-31 18:36,3,25400,기차표
f_f011268,7,교통비,4,KTX/SRT(고속열차),Y,2,3148210024,한국철도공사,2023-08-11 13:52,1,23200,기차표 
f_f011303,1,주유비,0,자가용(승용/승합/트럭 등등),N,4,,,,,80000,
f_f011303,1,통행료,0,자가용(승용/승합/트럭 등등),N,4,,,,,22000,
f_f011314,12,교통비,0,시외/고속버스,N,2,,,,,86800,
f_f011314,4,교통비,1,택시,N,2,1298638970,로카모빌리티택시,2023-08-27 09:37,1,7300,택시비
f_f011314,4,교통비,2,택시,N,2,1298638970,로카모빌리티택시,2023-08-27 12:35,1,5100,택시비
f_f011314,4,교통비,3,택시,N,2,1298638970,로카모빌리티택시,2023-08-27 15:12,1,3800,택시비 
f_f011548,50,교통비,0,버스 + 지하철,N,1,,,,,30200,
f_f011719,1,주유비,0,자가용(승용/승합/트럭 등등),N,2,,,,,50000,
f_f011719,1,통행료,0,자가용(승용/승합/트럭 등등),N,2,,,,,8300,
f_f011863,1,주유비,0,자가용(승용/승합/트럭 등등),N,2,,,,,70000,
f_f011863,1,통행료,0,자가용(승용/승합/트럭 등등),N,2,,,,,19400,
f_f011949,1,통행료,0,자가용(승용/승합/트럭 등등),N,3,,,,,24000,
f_f012113,2,렌탈비,0,렌터카(승용/승합/버스 등등),N,4,,,,,118280,
f_f012113,2,주유비,0,렌터카(승용/승합/버스 등등),N,4,,,,,139200,
f_f012113,50,교통비,0,버스 + 지하철,N,4,,,,,10000,
f_f012140,4,교통비,1,택시,N,2,2268101667,(합자)동아,2023-08-31 11:17,1,6000,택시비
f_f012140,5,교통비,0,지하철,N,2,,,,,4300,
f_f012140,7,교통비,0,KTX/SRT(고속열차),N,2,,,,,62000,
f_f012204,1,주유비,0,자가용(승용/승합/트럭 등등),N,2,,,,,15000,
f_f012204,1,통행료,0,자가용(승용/승합/트럭 등등),N,2,,,,,5200,
f_f012222,4,교통비,1,택시,N,6,,,2023-08-25 11:02,1,9800,택시비 
f_f012222,4,교통비,2,택시,N,6,2271923686,개인택시,2023-08-25 11:02,1,9600,택시비
f_f012222,50,교통비,0,버스 + 지하철,N,6,,,,,253800,
f_f012225,4,교통비,1,택시,N,2,6063240553,,2023-08-26 14:27,1,27100,택시비
f_f012225,50,교통비,0,버스 + 지하철,N,2,,,,,20000,
f_f012225,7,교통비,0,KTX/SRT(고속열차),N,2,,,,,51100,
f_f012426,1,주유비,0,자가용(승용/승합/트럭 등등),N,2,,,,,40000,
f_f012536,14,렌탈비,0,자전거,N,1,,,,,16600,
f_f012536,50,교통비,0,버스 + 지하철,N,1,,,,,48600,
f_f012595,1,주유비,0,자가용(승용/승합/트럭 등등),N,2,,,,,51000,
f_f012595,1,주차비,0,자가용(승용/승합/트럭 등등),N,2,,,,,2800,
f_f012595,1,통행료,0,자가용(승용/승합/트럭 등등),N,2,,,,,15200,
f_f012624,50,교통비,0,버스 + 지하철,N,2,,,,,19100,
f_f012624,8,교통비,0,새마을/무궁화열차,N,2,,,,,30400,
f_f012639,5,교통비,0,지하철,N,1,,,,,5700,
f_f012639,8,교통비,1,새마을/무궁화열차,Y,1,3148210024,한국철도공사,2023-09-05 00:00,3,7700,기차표
f_f012639,8,교통비,2,새마을/무궁화열차,N,1,3148210024,한국철도공사,2023-09-07 00:00,3,7700,기차표 
f_f012649,4,교통비,0,택시,N,2,,,,,5500,
f_f012649,50,교통비,0,버스 + 지하철,N,2,,,,,18000,
f_f012755,16,교통비,0,기타,N,2,,,,,1989,
f_f012755,50,교통비,0,버스 + 지하철,N,2,,,,,11850,
f_f012889,12,교통비,0,시외/고속버스,N,1,,,,,25800,
f_f012946,13,교통비,0,시내/마을버스,N,1,,,,,4200,
f_f012946,7,교통비,1,KTX/SRT(고속열차),Y,1,3148210024,한국철도공사,2023-09-01 17:13,3,133100,기차표
f_f012957,5,교통비,0,지하철,N,2,,,,,3850,
f_f012976,12,교통비,0,시외/고속버스,N,2,,,,,5000,
f_f012976,4,교통비,1,택시,N,2,,,2023-09-09 10:33,1,7100,택시비
f_f012976,4,교통비,3,택시,N,2,8678601968,강릉솔향택시협동조합,2023-09-09 16:16,1,4300,택시비 
f_f012976,4,교통비,4,택시,N,2,,용봉운수(주),2023-09-10 00:00,1,9000,택시비
f_f012976,4,교통비,5,택시,N,2,,대영운수(자),2023-09-10 14:57,1,3800,택시비
f_f012976,7,교통비,1,KTX/SRT(고속열차),Y,2,3148210024,한국철도공사,2023-09-01 13:40,1,26000,기차표 
f_f012976,7,교통비,3,KTX/SRT(고속열차),Y,2,3148210024,한국철도공사,2023-08-22 21:36,1,26000,기차표 
f_f012976,7,교통비,4,KTX/SRT(고속열차),N,2,3148210024,한국철도공사,2023-09-09 08:12,1,2700,기차표 
f_f012987,2,렌탈비,0,렌터카(승용/승합/버스 등등),N,3,,,,,104500,
f_f012987,2,주유비,0,렌터카(승용/승합/버스 등등),N,3,,,,,39776,
f_f012987,2,통행료,0,렌터카(승용/승합/버스 등등),N,3,,,,,20700,
f_f013057,1,주유비,0,자가용(승용/승합/트럭 등등),N,4,,,,,50000,
f_f013057,1,통행료,0,자가용(승용/승합/트럭 등등),N,4,,,,,14000,
f_f013167,1,주유비,0,자가용(승용/승합/트럭 등등),N,2,,,,,35000,
f_f013167,1,주차비,0,자가용(승용/승합/트럭 등등),N,2,,,,,4400,
f_f013167,1,통행료,0,자가용(승용/승합/트럭 등등),N,2,,,,,13000,
f_f013202,1,주유비,0,자가용(승용/승합/트럭 등등),N,1,,,,,60000,
f_f013202,1,통행료,0,자가용(승용/승합/트럭 등등),N,1,,,,,2600,
f_f013320,4,교통비,0,택시,N,1,,,,,6700,
f_f013320,50,교통비,0,버스 + 지하철,N,1,,,,,7500,
f_f013320,7,교통비,0,KTX/SRT(고속열차),N,1,,,,,50000,
f_f013422,4,교통비,1,택시,N,2,1298638970,로카모빌리티(주),2023-09-10 11:43,1,9700,택시비
f_f013422,4,교통비,2,택시,N,2,3970401027,,2023-09-09 20:27,1,11700,택시비 
f_f013422,4,교통비,4,택시,N,2,1048183559,주식회사 티머니,2023-09-10 15:49,1,6100,택시비 
f_f013422,5,교통비,0,지하철,N,2,,,,,5960,
f_f013422,7,교통비,1,KTX/SRT(고속열차),Y,2,3148210024,한국철도공사,2023-08-22 01:22,3,27600,기차표
f_f013422,7,교통비,2,KTX/SRT(고속열차),N,2,3148210024,한국철도공사,2023-09-09 08:46,3,26000,기차표 
f_f013460,1,주유비,0,자가용(승용/승합/트럭 등등),N,3,,,,,37000,
f_f013460,1,통행료,0,자가용(승용/승합/트럭 등등),N,3,,,,,11400,
f_f013493,1,주유비,0,자가용(승용/승합/트럭 등등),N,1,,,,,30000,
f_f013493,1,통행료,0,자가용(승용/승합/트럭 등등),N,1,,,,,11000,
f_f013942,50,교통비,0,버스 + 지하철,N,6,,,,,10000,
f_f013942,7,교통비,0,KTX/SRT(고속열차),N,6,,,,,70000,
f_f014045,12,교통비,0,시외/고속버스,N,1,,,,,42000,
f_f014097,2,렌탈비,0,렌터카(승용/승합/버스 등등),N,2,,,,,135800,
f_f014097,2,주유비,0,렌터카(승용/승합/버스 등등),N,2,,,,,44899,
f_f014104,1,주유비,0,자가용(승용/승합/트럭 등등),N,5,,,,,31880,
f_f014131,1,주유비,0,자가용(승용/승합/트럭 등등),N,3,,,,,50000,
f_f014131,1,통행료,0,자가용(승용/승합/트럭 등등),N,3,,,,,17600,
f_f014134,5,교통비,0,지하철,N,2,,,,,5650,
f_f014140,1,주유비,0,자가용(승용/승합/트럭 등등),N,2,,,,,50000,
f_f014140,1,주차비,0,자가용(승용/승합/트럭 등등),N,2,,,,,26000,
f_f014140,1,통행료,0,자가용(승용/승합/트럭 등등),N,2,,,,,15000,
f_f014163,50,교통비,0,버스 + 지하철,N,1,,,,,7100,
f_f014163,7,교통비,1,KTX/SRT(고속열차),Y,1,3148210024,한국철도공사,2023-08-28 00:00,1,27600,기차표
f_f014163,7,교통비,2,KTX/SRT(고속열차),N,1,3148210024,한국철도공사,2023-08-31 19:34,1,27600,기차표
f_f014170,12,교통비,0,시외/고속버스,N,2,,,,,89800,
f_f014170,4,교통비,0,택시,N,2,,,,,11900,
f_f014175,4,교통비,1,택시,N,3,2278100531,스마트택시(자),2023-08-29 11:14,1,6200,택시비
f_f014175,4,교통비,2,택시,N,3,2278100486,(자)유일택시,2023-08-29 12:28,1,10600,택시비
f_f014175,50,교통비,0,버스 + 지하철,N,3,,,,,172500,
f_f014452,1,주유비,0,자가용(승용/승합/트럭 등등),N,4,,,,,50000,
f_f014452,1,주차비,0,자가용(승용/승합/트럭 등등),N,4,,,,,12000,
f_f014452,1,통행료,0,자가용(승용/승합/트럭 등등),N,4,,,,,11200,
f_f014901,1,주유비,0,자가용(승용/승합/트럭 등등),N,2,,,,,15000,
f_f014901,1,통행료,0,자가용(승용/승합/트럭 등등),N,2,,,,,6200,
f_f014972,1,주유비,0,자가용(승용/승합/트럭 등등),N,2,,,,,30000,
f_f014972,1,통행료,0,자가용(승용/승합/트럭 등등),N,2,,,,,2000,
f_f015250,1,주유비,0,자가용(승용/승합/트럭 등등),N,4,,,,,20000,
f_f015250,1,통행료,0,자가용(승용/승합/트럭 등등),N,4,,,,,2000,
f_f015285,1,주유비,0,자가용(승용/승합/트럭 등등),N,2,,,,,50000,
f_f015319,1,통행료,0,자가용(승용/승합/트럭 등등),N,3,,,,,6000,
f_f015367,1,주유비,0,자가용(승용/승합/트럭 등등),N,2,,,,,15000,
f_f015409,1,주유비,0,자가용(승용/승합/트럭 등등),N,2,,,,,50000,
f_f015409,1,주차비,0,자가용(승용/승합/트럭 등등),N,2,,,,,800,
f_f015409,1,통행료,0,자가용(승용/승합/트럭 등등),N,2,,,,,10600,
f_f015410,1,통행료,0,자가용(승용/승합/트럭 등등),N,2,,,,,5400,
f_f015448,2,렌탈비,0,렌터카(승용/승합/버스 등등),N,8,,,,,800000,
f_f015477,1,주유비,0,자가용(승용/승합/트럭 등등),N,2,,,,,30000,
f_f015477,1,통행료,0,자가용(승용/승합/트럭 등등),N,2,,,,,11400,
f_f015529,1,주유비,0,자가용(승용/승합/트럭 등등),N,3,,,,,20000,
f_f015600,1,주유비,0,자가용(승용/승합/트럭 등등),N,2,,,,,78000,
f_f015610,1,주차비,0,자가용(승용/승합/트럭 등등),N,2,,,,,2000,
f_f015610,1,통행료,0,자가용(승용/승합/트럭 등등),N,2,,,,,13600,
f_f015615,1,주유비,0,자가용(승용/승합/트럭 등등),N,1,,,,,103000,
f_f015615,1,주차비,0,자가용(승용/승합/트럭 등등),N,1,,,,,2000,
f_f015615,1,통행료,0,자가용(승용/승합/트럭 등등),N,1,,,,,21300,
f_f015703,1,주유비,0,자가용(승용/승합/트럭 등등),N,2,,,,,12000,
f_f015703,1,통행료,0,자가용(승용/승합/트럭 등등),N,2,,,,,5900,
f_f015714,1,주유비,0,자가용(승용/승합/트럭 등등),N,2,,,,,20000,
f_f015740,4,교통비,0,택시,N,2,,,,,10500,
f_f015740,50,교통비,0,버스 + 지하철,N,2,,,,,39700,
f_f015841,1,주유비,0,자가용(승용/승합/트럭 등등),N,2,,,,,40000,
f_f015841,1,통행료,0,자가용(승용/승합/트럭 등등),N,2,,,,,5500,
f_f015842,1,주유비,0,자가용(승용/승합/트럭 등등),N,2,,,,,50000,
f_f015842,1,주차비,0,자가용(승용/승합/트럭 등등),N,2,,,,,1700,
f_f015842,1,통행료,0,자가용(승용/승합/트럭 등등),N,2,,,,,4800,
f_f015905,1,주유비,0,자가용(승용/승합/트럭 등등),N,2,,,,,30000,
f_f015905,1,통행료,0,자가용(승용/승합/트럭 등등),N,2,,,,,1900,
f_f015954,1,통행료,0,자가용(승용/승합/트럭 등등),N,2,,,,,2000,
f_f015975,4,교통비,0,택시,N,1,,,,,19370,
f_f015975,50,교통비,0,버스 + 지하철,N,1,,,,,14500,
f_f016036,1,주유비,0,자가용(승용/승합/트럭 등등),N,2,,,,,50000,
f_f016036,1,통행료,0,자가용(승용/승합/트럭 등등),N,2,,,,,11100,
f_f016094,1,주유비,0,자가용(승용/승합/트럭 등등),N,2,,,,,90000,
f_f016094,1,통행료,0,자가용(승용/승합/트럭 등등),N,2,,,,,9000,
f_f016105,1,주유비,0,자가용(승용/승합/트럭 등등),N,2,,,,,73000,
f_f016105,1,주차비,0,자가용(승용/승합/트럭 등등),N,2,,,,,8000,
f_f016105,1,통행료,0,자가용(승용/승합/트럭 등등),N,2,,,,,12000,
f_f016354,1,주유비,0,자가용(승용/승합/트럭 등등),N,2,,,,,30000,
f_f016354,1,통행료,0,자가용(승용/승합/트럭 등등),N,2,,,,,5400,
f_f016354,5,교통비,0,지하철,N,2,,,,,2500,
f_f016357,4,교통비,1,택시,N,2,3141605661,,2023-09-10 22:46,1,12200,택시비 
f_f016357,5,교통비,0,지하철,N,2,,,,,3200,
f_f016357,7,교통비,1,KTX/SRT(고속열차),Y,2,3148210024,한국철도공사,2023-09-07 00:00,1,36200,기차표 
f_f016357,7,교통비,2,KTX/SRT(고속열차),Y,2,3148210024,한국철도공사,2023-09-05 00:00,1,36200,기차표 
f_f016391,12,교통비,0,시외/고속버스,N,2,,,,,19200,
f_f016456,4,교통비,0,택시,N,2,,,,,11400,
f_f016456,50,교통비,0,버스 + 지하철,N,2,,,,,11150,
f_f016456,8,교통비,0,새마을/무궁화열차,N,2,,,,,13400,
f_f016457,1,주유비,0,자가용(승용/승합/트럭 등등),N,2,,,,,70000,
f_f016457,1,통행료,0,자가용(승용/승합/트럭 등등),N,2,,,,,8000,
f_f016470,1,주유비,0,자가용(승용/승합/트럭 등등),N,2,,,,,50000,
f_f016495,1,주유비,0,자가용(승용/승합/트럭 등등),N,2,,,,,50000,
f_f016495,1,통행료,0,자가용(승용/승합/트럭 등등),N,2,,,,,16000,
f_f016536,13,교통비,0,시내/마을버스,N,1,,,,,5000,
f_f016536,4,교통비,1,택시,N,1,1298638970,로카모빌리티(주),2023-09-13 09:36,1,5500,택시비
f_f016536,7,교통비,1,KTX/SRT(고속열차),Y,1,3148210024,한국철도공사,2023-09-07 02:49,1,29300,기차표
f_f016536,7,교통비,2,KTX/SRT(고속열차),N,1,3148210024,한국철도공사,2023-09-13 17:55,1,28900,기차표
f_f016571,5,교통비,0,지하철,N,1,,,,,6000,
f_f016634,1,주유비,0,자가용(승용/승합/트럭 등등),N,3,,,,,15000,
f_f016634,1,통행료,0,자가용(승용/승합/트럭 등등),N,3,,,,,4800,
f_f016699,1,주유비,0,자가용(승용/승합/트럭 등등),N,2,,,,,30000,
f_f016699,1,통행료,0,자가용(승용/승합/트럭 등등),N,2,,,,,9000,
f_f016739,1,주유비,0,자가용(승용/승합/트럭 등등),N,2,,,,,40000,
f_f016739,1,통행료,0,자가용(승용/승합/트럭 등등),N,2,,,,,8000,
f_f016818,4,교통비,0,택시,N,2,,,,,15200,
f_f016818,50,교통비,0,버스 + 지하철,N,2,,,,,14700,
f_f000493,1,주유비,0,자가용(승용/승합/트럭 등등),N,4,,,,,98000,
f_f001184,1,주유비,0,자가용(승용/승합/트럭 등등),N,4,,,,,50000,
f_f001380,1,주유비,0,자가용(승용/승합/트럭 등등),N,3,,,,,60000,
f_f002486,1,주유비,0,자가용(승용/승합/트럭 등등),N,2,,,,,40000,
f_f002600,1,주유비,0,자가용(승용/승합/트럭 등등),N,3,,,,,60000,
f_f003631,1,주유비,0,자가용(승용/승합/트럭 등등),N,4,,,,,35000,
f_f006888,1,주유비,0,자가용(승용/승합/트럭 등등),N,2,,,,,40000,
f_f011949,1,주유비,0,자가용(승용/승합/트럭 등등),N,3,,,,,80000,
