TRAVEL_ID,TRAVEL_NM,TRAVELER_ID,TRAVEL_PURPOSE,TRAVEL_START_YMD,TRAVEL_END_YMD,MVMN_NM,TRAVEL_PERSONA,TRAVEL_MISSION,TRAVEL_MISSION_CHECK
e_e005633,E01,e005633,2;22;4;6,2023-07-26,2023-07-29,대중교통 등,"대구,경북 방문/경상권 거주/39세 이하/커플/일반미션",2;22;4;6,2;4;6
f_f000011,F01,f000011,8,2023-04-29,2023-05-02,,강원 방문/수도권/강원 거주/39세 이하/커플/일반미션,8,24;8;23
f_f000013,F01,f000013,4,2023-04-28,2023-05-01,,강원 방문/수도권/강원 거주/39세 이하/부모 동반/일반미션,4,24;6;4
f_f000027,F04,f000027,22;24,2023-04-28,2023-05-01,,부산 방문/거주지 구분 없음/39세 이하/특별미션,22;24,24;6;22
f_f000040,F01,f000040,28,2023-04-28,2023-04-30,,강원 방문/거주지 구분 없음/40세 이상/특별미션,28,8;1;22
f_f000267,F01,f000267,10;11;21;22;4,2023-05-19,2023-05-21,대중교통 등,강원 방문/거주지 구분 없음/39세 이하/특별미션,10;11;21;22;4,21;11;4
f_f000291,F04,f000291,22;26;3;4;6,2023-05-19,2023-05-20,대중교통 등,부산 방문/거주지 구분 없음/40세 이상/특별미션,22;26;3;4;6,4;6;21
f_f000338,F06,f000338,1;22;3;4;6,2023-05-20,2023-05-22,자가용,경남 방문/거주지 구분 없음/39세 이하/특별미션,1;22;3;4;6,22;27;21
f_f000382,F04,f000382,1;22;23;27,2023-05-19,2023-05-21,자가용,"부산,울산,경남 방문/경상권 거주/39세 이하/자녀동반/일반미션",1;22;23;27,1;22;23
f_f000384,F01,f000384,8;9;5;26,2023-05-19,2023-05-21,자가용,강원 방문/거주지 구분 없음/39세 이하/특별미션,8;9;5;26,8;5;9
f_f000429,F04,f000429,2;4,2023-05-19,2023-05-22,대중교통 등,"부산,울산,경남 방문/경상권 외 거주/40세 이상/3인 이상 친구/일반미션",2;4,23;6;27
f_f000433,F02,f000433,1;21;22;26;6,2023-06-02,2023-06-05,대중교통 등,"대구,경북 방문/경상권 거주/39세 이하/나홀로 여행/일반미션",1;21;22;26;6,21;1;22
f_f000437,F03,f000437,21;22;26;4,2023-05-16,2023-05-18,대중교통 등,"대구,경북 방문/경상권 외 거주/40세 이상/3인 이상 친구/일반미션",21;22;26;4,3;4;22
f_f000461,F04,f000461,1;2;10;6;13;3;21;22;12;24;21,2023-06-02,2023-06-05,대중교통 등,부산 방문/거주지 구분 없음/39세 이하/특별미션,1;2;10;6;13;3;21;22;12;24;21,21;5;2
f_f000473,F06,f000473,9;28;3,2023-05-27,2023-05-30,자가용,경남 방문/거주지 구분 없음/39세 이하/특별미션,9;28;3,9;13;28
f_f000484,F06,f000484,22;23;24;5,2023-05-23,2023-05-30,자가용,경남 방문/거주지 구분 없음/40세 이상/특별미션,22;23;24;5,2;21;23
f_f000489,F01,f000489,22;21;26;28;5,2023-06-06,2023-06-08,대중교통 등,강원 방문/수도권/강원 거주/39세 이하/나홀로 여행/일반미션,22;21;26;28;5,5;28;22
f_f000492,F01,f000492,10;2;22;5,2023-05-15,2023-05-19,자가용,강원 방문/수도권/강원 거주/39세 이하/자녀동반/일반미션,10;2;22;5,2;23;5
f_f000493,F01,f000493,4;6;5;11;12;22;24,2023-05-19,2023-05-22,자가용,강원 방문/수도권/강원 거주/39세 이하/자녀동반/일반미션,4;6;5;11;12;22;24,11;6;22
f_f000516,F01,f000516,23;27,2023-05-19,2023-05-22,자가용,강원 방문/거주지 구분 없음/39세 이하/특별미션,23;27,1;23;27
f_f000530,F01,f000530,1;12;22,2023-05-19,2023-05-21,자가용,강원 방문/수도권/강원 거주/39세 이하/3인 이상 친구/일반미션,1;12;22,22;1;23
f_f000532,F06,f000532,11;2;3;6,2023-06-02,2023-06-05,자가용,"부산,울산,경남 방문/경상권 외 거주/40세 이상/자녀동반/일반미션",11;2;3;6,3;11;9
f_f000538,F01,f000538,10;4;5,2023-06-03,2023-06-06,자가용,강원 방문/수도권/강원 거주/40세 이상/자녀동반/일반미션,10;4;5,10;4;5
f_f000543,F01,f000543,1;21;22;24;26,2023-05-16,2023-05-19,대중교통 등,강원 방문/수도권/강원 거주/39세 이하/나홀로 여행/일반미션,1;21;22;24;26,26;22;21
f_f000568,F01,f000568,22;21;12;1;23;26;27,2023-05-19,2023-05-21,대중교통 등,강원 방문/수도권/강원 거주/39세 이하/나홀로 여행/일반미션,22;21;12;1;23;26;27,22;21;3
f_f000586,F01,f000586,27;26;25;23;22,2023-05-31,2023-06-03,자가용,강원 방문/거주지 구분 없음/40세 이상/특별미션,27;26;25;23;22,25;27;23
f_f000591,F06,f000591,6,2023-05-27,2023-05-29,자가용,"부산,울산,경남 방문/경상권 거주/40세 이상/자녀동반/일반미션",6,6;11;3
f_f000609,F01,f000609,23;24;27,2023-05-19,2023-05-22,자가용,강원 방문/거주지 구분 없음/39세 이하/특별미션,23;24;27,24;2;23
f_f000611,F01,f000611,2;23;22;11;2;2;2,2023-05-28,2023-05-30,자가용,강원 방문/거주지 구분 없음/40세 이상/특별미션,2;23;22;11;2;2;2,2;23;11
f_f000627,F06,f000627,3;8;22;24,2023-06-03,2023-06-05,자가용,경남 방문/거주지 구분 없음/40세 이상/특별미션,3;8;22;24,2;8;22
f_f000650,F01,f000650,11;23;28;3,2023-06-06,2023-06-10,대중교통 등,강원 방문/수도권/강원 외 거주/39세 이하/나홀로 여행/일반미션,11;23;28;3,3;23;28
f_f000655,F03,f000655,21;24;28;3;4,2023-06-04,2023-06-07,대중교통 등,"대구,경북 방문/경상권 외 거주/39세 이하/커플/일반미션",21;24;28;3;4,3;21;24
f_f000657,F04,f000657,1;22;24;26;12,2023-05-27,2023-05-28,대중교통 등,"부산,울산,경남 방문/경상권 거주/39세 이하/나홀로 여행/일반미션",1;22;24;26;12,1;12;22
f_f000669,F04,f000669,11;2;3,2023-06-03,2023-06-07,대중교통 등,"부산,울산,경남 방문/경상권 외 거주/40세 이상/자녀동반/일반미션",11;2;3,11;3;6
f_f000689,F06,f000689,25;26,2023-05-15,2023-05-17,자가용,경남 방문/거주지 구분 없음/39세 이하/특별미션,25;26,25;26;24
f_f000690,F06,f000690,1;21;27,2023-05-18,2023-05-19,자가용,"부산,울산,경남 방문/경상권 거주/40세 이상/나홀로 여행/일반미션",1;21;27,1;21;27
f_f000710,F01,f000710,3,2023-05-27,2023-05-30,자가용,강원 방문/수도권/강원 거주/39세 이하/부모 동반/일반미션,3,3;27;21
f_f000730,F06,f000730,22;3;8;9,2023-05-20,2023-05-22,자가용,"부산,울산,경남 방문/경상권 거주/40세 이상/3인 이상 친구/일반미션",22;3;8;9,8;9;3
f_f000740,F01,f000740,1;2;21;22;23,2023-05-26,2023-05-29,자가용,강원 방문/수도권/강원 외 거주/39세 이하/나홀로 여행/일반미션,1;2;21;22;23,2;23;1
f_f000767,F01,f000767,11;3;4;6;9,2023-06-03,2023-06-06,자가용,강원 방문/거주지 구분 없음/40세 이상/특별미션,11;3;4;6;9,3;6;28
f_f000782,F01,f000782,1;10;2;5;6,2023-05-20,2023-05-22,자가용,강원 방문/수도권/강원 거주/39세 이하/자녀동반/일반미션,1;10;2;5;6,2;23;10
f_f000790,F03,f000790,12;3;5;6;9,2023-05-19,2023-05-22,자가용,"대구,경북 방문/경상권 거주/39세 이하/3인 이상 친구/일반미션",12;3;5;6;9,2;1;3
f_f000796,F06,f000796,22;9;3,2023-05-27,2023-05-28,자가용,"부산,울산,경남 방문/경상권 거주/39세 이하/부모 동반/일반미션",22;9;3,22;3;9
f_f000831,F06,f000831,1;2;3;6;9;22;4,2023-05-26,2023-05-29,자가용,"부산,울산,경남 방문/경상권 거주/39세 이하/자녀동반/일반미션",1;2;3;6;9;22;4,3;6;9
f_f000835,F04,f000835,12;2;21;22;24,2023-05-19,2023-05-22,대중교통 등,"부산,울산,경남 방문/경상권 외 거주/39세 이하/커플/일반미션",12;2;21;22;24,21;22;9
f_f000844,F05,f000844,2;22;3;6;9,2023-05-19,2023-05-22,대중교통 등,"부산,울산,경남 방문/경상권 외 거주/39세 이하/커플/일반미션",2;22;3;6;9,22;6;3
f_f000869,F01,f000869,1;10;24;4,2023-05-20,2023-05-22,자가용,강원 방문/수도권/강원 거주/39세 이하/커플/일반미션,1;10;24;4,10;1;4
f_f000879,F04,f000879,1;2;22;24;4,2023-06-03,2023-06-07,대중교통 등,"부산,울산,경남 방문/경상권 외 거주/39세 이하/부부/일반미션",1;2;22;24;4,1;2;22
f_f000889,F03,f000889,24,2023-05-26,2023-05-30,자가용,경북 방문/거주지 구분 없음/40세 이상/특별미션,24,9;24;6
f_f000925,F06,f000925,5,2023-05-19,2023-05-23,자가용,"부산,울산,경남 방문/경상권 외 거주/39세 이하/나홀로 여행/일반미션",5,5;1;4
f_f000935,F06,f000935,1;21;23;24;27,2023-05-27,2023-05-29,자가용,경남 방문/거주지 구분 없음/39세 이하/특별미션,1;21;23;24;27,21;12;1
f_f000940,F03,f000940,21;3,2023-06-05,2023-06-07,자가용,"대구,경북 방문/경상권 거주/39세 이하/자녀동반/일반미션",21;3,3;21;6
f_f000952,F03,f000952,11;22;3;6,2023-05-22,2023-05-25,자가용,경북 방문/거주지 구분 없음/40세 이상/특별미션,11;22;3;6,3;6;11
f_f000959,F03,f000959,10;2;23;3;4,2023-05-21,2023-05-23,자가용,"대구,경북 방문/경상권 거주/39세 이하/자녀동반/일반미션",10;2;23;3;4,2;3;22
f_f000973,F03,f000973,12;2;3;4,2023-05-27,2023-05-30,자가용,"대구,경북 방문/경상권 외 거주/39세 이하/자녀동반/일반미션",12;2;3;4,2;3;10
f_f000979,F01,f000979,11;27;3;5;8,2023-05-27,2023-05-29,자가용,강원 방문/수도권/강원 거주/40세 이상/자녀동반/일반미션,11;27;3;5;8,5;21;3
f_f001026,F06,f001026,2;3;6;9;11;21;22;24;26;28;27,2023-05-26,2023-05-30,자가용,"부산,울산,경남 방문/경상권 외 거주/39세 이하/부모 동반/일반미션",2;3;6;9;11;21;22;24;26;28;27,9;21;22
f_f001059,F01,f001059,24;27;6,2023-05-21,2023-05-22,자가용,강원 방문/수도권/강원 거주/39세 이하/자녀동반/일반미션,24;27;6,6;27;24
f_f001074,F03,f001074,1;2;3;4;7,2023-06-05,2023-06-08,자가용,경북 방문/거주지 구분 없음/39세 이하/특별미션,1;2;3;4;7,3;11;1
f_f001081,F01,f001081,21;22;24;26;3,2023-05-22,2023-05-25,자가용,강원 방문/수도권/강원 거주/40세 이상/부부/일반미션,21;22;24;26;3,3;21;22
f_f001092,F06,f001092,21;25;26;7;8,2023-06-02,2023-06-05,자가용,"부산,울산,경남 방문/경상권 거주/39세 이하/나홀로 여행/일반미션",21;25;26;7;8,8;25;1
f_f001112,F04,f001112,2,2023-06-03,2023-06-07,자가용,"부산,울산,경남 방문/경상권 외 거주/39세 이하/자녀동반/일반미션",2,2;5;24
f_f001116,F03,f001116,25;5;8;5;11;8;22;27,2023-05-26,2023-05-30,자가용,"대구,경북 방문/경상권 외 거주/39세 이하/커플/일반미션",25;5;8;5;11;8;22;27,25;8;11
f_f001117,F03,f001117,8,2023-05-26,2023-05-29,대중교통 등,"대구,경북 방문/경상권 외 거주/39세 이하/3인 이상 친구/일반미션",8,8;5;22
f_f001124,F01,f001124,1;2;27,2023-05-25,2023-05-27,자가용,강원 방문/수도권/강원 외 거주/39세 이하/부모 동반/일반미션,1;2;27,6;1;22
f_f001131,F03,f001131,21;3;5,2023-06-04,2023-06-07,자가용,경북 방문/거주지 구분 없음/40세 이상/특별미션,21;3;5,5;21;3
f_f001134,F01,f001134,2;22,2023-05-27,2023-05-29,대중교통 등,강원 방문/수도권/강원 거주/39세 이하/커플/일반미션,2;22,2;22;26
f_f001181,F01,f001181,21;23;24;4;5,2023-06-02,2023-06-05,자가용,강원 방문/수도권/강원 거주/39세 이하/나홀로 여행/일반미션,21;23;24;4;5,4;1;23
f_f001184,F03,f001184,11;13;3;6;9,2023-06-02,2023-06-06,자가용,"대구,경북 방문/경상권 외 거주/39세 이하/3인 이상 친구/일반미션",11;13;3;6;9,3;11;6
f_f001226,F01,f001226,21;24;26;4,2023-05-27,2023-05-30,자가용,강원 방문/수도권/강원 거주/39세 이하/자녀동반/일반미션,21;24;26;4,21;24;4
f_f001233,F01,f001233,1;21;23;24;27,2023-05-27,2023-05-30,자가용,강원 방문/거주지 구분 없음/39세 이하/특별미션,1;21;23;24;27,1;3;6
f_f001245,F03,f001245,22;23;3;4;9,2023-05-27,2023-05-30,대중교통 등,"대구,경북 방문/경상권 외 거주/39세 이하/커플/일반미션",22;23;3;4;9,23;6;4
f_f001321,F03,f001321,24,2023-05-27,2023-05-29,자가용,경북 방문/거주지 구분 없음/40세 이상/특별미션,24,3;12;24
f_f001336,F04,f001336,1;22,2023-05-26,2023-05-30,대중교통 등,"부산,울산,경남 방문/경상권 외 거주/40세 이상/3대 동반 여행/일반미션",1;22,1;22;4
f_f001363,F01,f001363,22;26;23;1;24;9,2023-06-02,2023-06-05,자가용,강원 방문/수도권/강원 거주/39세 이하/커플/일반미션,22;26;23;1;24;9,3;9;22
f_f001380,F03,f001380,27;28;5;6;9,2023-06-03,2023-06-07,자가용,"대구,경북 방문/경상권 거주/39세 이하/자녀동반/일반미션",27;28;5;6;9,2;5;6
f_f001408,F06,f001408,10;2,2023-06-04,2023-06-05,자가용,"부산,울산,경남 방문/경상권 거주/39세 이하/3인 이상 친구/일반미션",10;2,10;2;1
f_f001412,F06,f001412,2;3;5;8,2023-06-03,2023-06-05,자가용,"부산,울산,경남 방문/경상권 거주/39세 이하/자녀동반/일반미션",2;3;5;8,2;11;5
f_f001421,F03,f001421,21;24;26;4;8,2023-05-27,2023-05-29,자가용,"대구,경북 방문/경상권 거주/39세 이하/나홀로 여행/일반미션",21;24;26;4;8,9;3;4
f_f001440,F04,f001440,26;22;21;9;4;24,2023-05-25,2023-05-27,자가용,"부산,울산,경남 방문/경상권 거주/39세 이하/커플/일반미션",26;22;21;9;4;24,21;24;22
f_f001442,F06,f001442,3;12,2023-05-27,2023-05-28,자가용,"부산,울산,경남 방문/경상권 거주/40세 이상/3대 동반 여행/일반미션",3;12,12;3;22
f_f001446,F04,f001446,2;3;6;7;9;22;13;22;26;24;3,2023-05-26,2023-05-28,대중교통 등,"부산,울산,경남 방문/경상권 거주/39세 이하/커플/일반미션",2;3;6;7;9;22;13;22;26;24;3,3;9;22
f_f001487,F01,f001487,2;27;5,2023-06-10,2023-06-12,자가용,강원 방문/수도권/강원 거주/39세 이하/자녀동반/일반미션,2;27;5,2;24;26
f_f001514,F04,f001514,4;5,2023-05-26,2023-05-29,자가용,"부산,울산,경남 방문/경상권 외 거주/39세 이하/커플/일반미션",4;5,24;5;6
f_f001516,F02,f001516,2;22;26;3;4,2023-06-05,2023-06-06,자가용,대구 방문/거주지 구분 없음/39세 이하/특별미션,2;22;26;3;4,2;11;26
f_f001544,F01,f001544,1;2;24;3;9,2023-06-04,2023-06-07,자가용,강원 방문/수도권/강원 거주/39세 이하/나홀로 여행/일반미션,1;2;24;3;9,2;24;22
f_f001550,F01,f001550,10;2;21,2023-06-04,2023-06-07,자가용,강원 방문/수도권/강원 외 거주/40세 이상/3인 이상 친구/일반미션,10;2;21,2;5;10
f_f001643,F01,f001643,23,2023-05-28,2023-05-30,자가용,강원 방문/거주지 구분 없음/40세 이상/특별미션,23,2;23;21
f_f001658,F06,f001658,5;22;24,2023-05-27,2023-05-28,자가용,"부산,울산,경남 방문/경상권 거주/39세 이하/부모 동반/일반미션",5;22;24,5;22;21
f_f001707,F01,f001707,1;12;13;4;9,2023-05-27,2023-05-28,대중교통 등,강원 방문/거주지 구분 없음/40세 이상/특별미션,1;12;13;4;9,21;13;22
f_f001726,F06,f001726,22;3;9,2023-05-27,2023-05-28,자가용,"부산,울산,경남 방문/경상권 외 거주/40세 이상/자녀동반/일반미션",22;3;9,9;22;5
f_f001762,F01,f001762,3;5,2023-06-03,2023-06-05,자가용,강원 방문/수도권/강원 거주/40세 이상/자녀동반/일반미션,3;5,5;3;23
f_f001843,F01,f001843,5,2023-06-03,2023-06-05,자가용,강원 방문/수도권/강원 거주/40세 이상/자녀동반/일반미션,5,5;8;11
f_f001848,F03,f001848,5;22;1;4;24,2023-05-28,2023-05-30,자가용,"대구,경북 방문/경상권 거주/39세 이하/3인 이상 친구/일반미션",5;22;1;4;24,1;5;24
f_f001901,F03,f001901,1;8;22;24;26;8,2023-06-01,2023-06-03,자가용,"대구,경북 방문/경상권 거주/39세 이하/커플/일반미션",1;8;22;24;26;8,8;22;24
f_f001902,F04,f001902,4;24;22;7,2023-05-30,2023-06-01,자가용,"부산,울산,경남 방문/경상권 거주/39세 이하/커플/일반미션",4;24;22;7,22;7;9
f_f001906,F02,f001906,1;2;23;26;4,2023-05-28,2023-05-30,자가용,"대구,경북 방문/경상권 외 거주/39세 이하/3인 이상 친구/일반미션",1;2;23;26;4,2;23;6
f_f001912,F01,f001912,12;21;22;26;6,2023-05-29,2023-05-30,대중교통 등,강원 방문/수도권/강원 거주/40세 이상/3인 이상 친구/일반미션,12;21;22;26;6,6;22;26
f_f001925,F06,f001925,1;3,2023-05-29,2023-05-30,대중교통 등,"부산,울산,경남 방문/경상권 거주/40세 이상/나홀로 여행/일반미션",1;3,3;4;1
f_f002098,F03,f002098,2,2023-06-03,2023-06-05,자가용,"대구,경북 방문/경상권 거주/39세 이하/자녀동반/일반미션",2,2;12;24
f_f002429,F04,f002429,1;21;22;23;4,2023-06-03,2023-06-05,대중교통 등,"부산,울산,경남 방문/경상권 외 거주/39세 이하/커플/일반미션",1;21;22;23;4,22;4;1
f_f002444,F01,f002444,3,2023-06-07,2023-06-09,자가용,강원 방문/수도권/강원 거주/40세 이상/자녀동반/일반미션,3,3;12;24
f_f002486,F01,f002486,8;11;25;22,2023-06-03,2023-06-05,자가용,강원 방문/수도권/강원 거주/39세 이하/부부/일반미션,8;11;25;22,25;8;22
f_f002600,F01,f002600,2;24;3;4;6,2023-06-09,2023-06-11,자가용,강원 방문/수도권/강원 거주/40세 이상/자녀동반/일반미션,2;24;3;4;6,3;12;23
f_f002626,F04,f002626,2;22;26;3;7,2023-06-02,2023-06-04,자가용,부산 방문/거주지 구분 없음/39세 이하/특별미션,2;22;26;3;7,22;5;3
f_f002627,F03,f002627,2;21;22;24;3,2023-06-06,2023-06-07,대중교통 등,"대구,경북 방문/경상권 거주/39세 이하/나홀로 여행/일반미션",2;21;22;24;3,2;3;22
f_f002696,F03,f002696,21;3,2023-06-02,2023-06-03,자가용,"대구,경북 방문/경상권 거주/40세 이상/나홀로 여행/일반미션",21;3,6;21;24
f_f002730,F03,f002730,3;1,2023-06-07,2023-06-08,대중교통 등,"대구,경북 방문/경상권 거주/40세 이상/나홀로 여행/일반미션",3;1,3;1;24
f_f002750,F03,f002750,22;24;8,2023-06-05,2023-06-07,자가용,"대구,경북 방문/경상권 거주/39세 이하/커플/일반미션",22;24;8,24;8;22
f_f002755,F05,f002755,21;22,2023-06-03,2023-06-04,자가용,울산 방문/거주지 구분 없음/39세 이하/특별미션,21;22,9;21;22
f_f002762,F03,f002762,13;26;3,2023-06-03,2023-06-04,자가용,"대구,경북 방문/경상권 거주/39세 이하/커플/일반미션",13;26;3,13;3;26
f_f002771,F02,f002771,2;23;24;25;4,2023-06-03,2023-06-05,대중교통 등,"대구,경북 방문/경상권 외 거주/39세 이하/커플/일반미션",2;23;24;25;4,2;27;4
f_f002830,F01,f002830,21;22,2023-06-06,2023-06-08,자가용,강원 방문/거주지 구분 없음/39세 이하/특별미션,21;22,21;22;1
f_f002860,F01,f002860,23,2023-06-03,2023-06-05,자가용,강원 방문/거주지 구분 없음/39세 이하/특별미션,23,1;23;3
f_f002894,F03,f002894,1;3;9,2023-06-03,2023-06-05,대중교통 등,"대구,경북 방문/경상권 외 거주/39세 이하/커플/일반미션",1;3;9,3;1;22
f_f002958,F03,f002958,4;3;21;22;24;26,2023-06-05,2023-06-06,자가용,경북 방문/거주지 구분 없음/40세 이상/특별미션,4;3;21;22;24;26,21;3;22
f_f003256,F05,f003256,9;26;22,2023-06-23,2023-06-24,자가용,울산 방문/거주지 구분 없음/40세 이상/특별미션,9;26;22,26;9;22
f_f003380,F06,f003380,4;1;6;1,2023-06-24,2023-06-25,자가용,"부산,울산,경남 방문/경상권 거주/39세 이하/부부/일반미션",4;1;6;1,24;1;22
f_f003440,F03,f003440,22;3,2023-06-15,2023-06-16,자가용,"대구,경북 방문/경상권 거주/39세 이하/커플/일반미션",22;3,3;22;24
f_f003469,F02,f003469,1;22;26;4,2023-06-17,2023-06-18,자가용,"대구,경북 방문/경상권 거주/39세 이하/커플/일반미션",1;22;26;4,4;6;26
f_f003509,F06,f003509,1;2;21;22;24;26;27;28;11;6;4;3,2023-06-18,2023-06-19,자가용,"부산,울산,경남 방문/경상권 거주/39세 이하/나홀로 여행/일반미션",1;2;21;22;24;26;27;28;11;6;4;3,3;21;22
f_f003519,F02,f003519,4;3;27,2023-06-19,2023-06-20,대중교통 등,"대구,경북 방문/경상권 외 거주/39세 이하/나홀로 여행/일반미션",4;3;27,3;22;6
f_f003538,F04,f003538,1;3;21;22,2023-06-30,2023-07-01,자가용,"부산,울산,경남 방문/경상권 거주/39세 이하/커플/일반미션",1;3;21;22,3;22;4
f_f003543,F06,f003543,2;22;4,2023-06-24,2023-06-25,자가용,"부산,울산,경남 방문/경상권 거주/39세 이하/자녀동반/일반미션",2;22;4,21;22;4
f_f003613,F03,f003613,3;25;22,2023-06-23,2023-06-24,자가용,"대구,경북 방문/경상권 거주/39세 이하/커플/일반미션",3;25;22,3;22;25
f_f003631,F01,f003631,10;2;21;22;5,2023-07-01,2023-07-02,자가용,강원 방문/수도권/강원 거주/40세 이상/자녀동반/일반미션,10;2;21;22;5,1;2;5
f_f003747,F06,f003747,2;21;10;22;26,2023-07-04,2023-07-05,자가용,경남 방문/거주지 구분 없음/40세 이상/특별미션,2;21;10;22;26,1;2;22
f_f003757,F06,f003757,1;10;2;22;5,2023-07-04,2023-07-05,자가용,"부산,울산,경남 방문/경상권 거주/39세 이하/커플/일반미션",1;10;2;22;5,2;1;10
f_f003783,F06,f003783,1;5;8;21;22;24;26;27,2023-07-06,2023-07-07,대중교통 등,"부산,울산,경남 방문/경상권 거주/39세 이하/커플/일반미션",1;5;8;21;22;24;26;27,5;21;26
f_f003828,F06,f003828,1;22;5;6,2023-07-01,2023-07-02,자가용,"부산,울산,경남 방문/경상권 거주/39세 이하/커플/일반미션",1;22;5;6,1;2;5
f_f004013,F02,f004013,1;22;23;26;3,2023-07-15,2023-07-17,자가용,"대구,경북 방문/경상권 외 거주/40세 이상/자녀동반/일반미션",1;22;23;26;3,3;1;26
f_f004078,F03,f004078,2;3;5;6;11;22,2023-07-15,2023-07-17,자가용,"대구,경북 방문/경상권 거주/39세 이하/자녀동반/일반미션",2;3;5;6;11;22,2;3;6
f_f004103,F06,f004103,12;2;22,2023-07-17,2023-07-19,자가용,"부산,울산,경남 방문/경상권 거주/40세 이상/자녀동반/일반미션",12;2;22,2;21;22
f_f004112,F05,f004112,1;2;28;4,2023-07-08,2023-07-10,자가용,"부산,울산,경남 방문/경상권 외 거주/39세 이하/커플/일반미션",1;2;28;4,1;7;3
f_f004131,F03,f004131,2;21;6;9,2023-07-08,2023-07-10,자가용,"대구,경북 방문/경상권 거주/39세 이하/커플/일반미션",2;21;6;9,6;21;9
f_f004305,F03,f004305,1;22,2023-07-30,2023-07-31,자가용,경북 방문/거주지 구분 없음/40세 이상/특별미션,1;22,1;22;11
f_f004470,F06,f004470,1;21;22;24;4,2023-07-15,2023-07-16,자가용,경남 방문/거주지 구분 없음/40세 이상/특별미션,1;21;22;24;4,1;3;4
f_f004552,F04,f004552,1;21;22;3,2023-07-16,2023-07-17,자가용,부산 방문/거주지 구분 없음/40세 이상/특별미션,1;21;22;3,1;3;21
f_f004618,F06,f004618,1;2,2023-07-23,2023-07-24,자가용,"부산,울산,경남 방문/경상권 거주/39세 이하/3인 이상 친구/일반미션",1;2,1;2;5
f_f004657,F01,f004657,10;23;24;6,2023-08-05,2023-08-07,자가용,강원 방문/수도권/강원 거주/39세 이하/커플/일반미션,10;23;24;6,10;5;6
f_f004703,F01,f004703,22;26,2023-07-25,2023-07-26,대중교통 등,강원 방문/거주지 구분 없음/39세 이하/특별미션,22;26,22;26;4
f_f004717,F02,f004717,22;23;24;3,2023-08-05,2023-08-07,자가용,"대구,경북 방문/경상권 외 거주/39세 이하/부부/일반미션",22;23;24;3,22;23;3
f_f004740,F03,f004740,22;3,2023-07-29,2023-07-31,대중교통 등,경북 방문/거주지 구분 없음/39세 이하/특별미션,22;3,3;7;2
f_f004760,F01,f004760,2;3;4;7;23;24;26;22,2023-07-27,2023-07-29,자가용,강원 방문/수도권/강원 거주/39세 이하/커플/일반미션,2;3;4;7;23;24;26;22,23;22;6
f_f004764,F02,f004764,1;2;6;7,2023-07-23,2023-07-25,대중교통 등,"대구,경북 방문/경상권 외 거주/39세 이하/커플/일반미션",1;2;6;7,2;5;1
f_f004768,F01,f004768,22;24;26;5,2023-07-22,2023-07-24,자가용,강원 방문/수도권/강원 거주/39세 이하/커플/일반미션,22;24;26;5,22;26;24
f_f004947,F04,f004947,1;2;4;5;6,2023-07-31,2023-08-02,대중교통 등,"부산,울산,경남 방문/경상권 거주/39세 이하/커플/일반미션",1;2;4;5;6,10;27;22
f_f004975,F01,f004975,22;26,2023-08-03,2023-08-04,대중교통 등,강원 방문/거주지 구분 없음/39세 이하/특별미션,22;26,22;26;1
f_f005042,F03,f005042,1;2;3;4;6,2023-08-06,2023-08-08,대중교통 등,경북 방문/거주지 구분 없음/39세 이하/특별미션,1;2;3;4;6,3;22;21
f_f005062,F01,f005062,22;3;4;5,2023-08-06,2023-08-08,대중교통 등,강원 방문/거주지 구분 없음/39세 이하/특별미션,22;3;4;5,5;22;24
f_f005086,F05,f005086,1;2;26;3;7,2023-08-07,2023-08-09,자가용,"부산,울산,경남 방문/경상권 거주/40세 이상/자녀동반/일반미션",1;2;26;3;7,22;6;23
f_f005096,F01,f005096,1;22;23;5;7,2023-08-06,2023-08-08,자가용,강원 방문/수도권/강원 거주/39세 이하/부부/일반미션,1;22;23;5;7,1;24;22
f_f005133,F04,f005133,1;2;22;23;24,2023-07-30,2023-08-01,대중교통 등,"부산,울산,경남 방문/경상권 외 거주/39세 이하/부부/일반미션",1;2;22;23;24,2;5;1
f_f005161,F01,f005161,26;24;27;1;4;12;21;22;2;3;9,2023-08-02,2023-08-03,자가용,강원 방문/수도권/강원 거주/39세 이하/커플/일반미션,26;24;27;1;4;12;21;22;2;3;9,21;22;24
f_f005287,F03,f005287,3,2023-08-02,2023-08-03,자가용,"대구,경북 방문/경상권 거주/40세 이상/커플/일반미션",3,1;3;4
f_f005289,F01,f005289,21;22;24;6,2023-08-26,2023-08-28,자가용,강원 방문/수도권/강원 거주/40세 이상/자녀동반/일반미션,21;22;24;6,3;6;1
f_f005385,F01,f005385,22;4;6,2023-08-14,2023-08-15,대중교통 등,강원 방문/수도권/강원 거주/39세 이하/커플/일반미션,22;4;6,4;6;26
f_f005403,F03,f005403,3;6,2023-08-04,2023-08-05,자가용,"대구,경북 방문/경상권 거주/39세 이하/부모 동반/일반미션",3;6,6;3;11
f_f005414,F03,f005414,1;2;21;22;4,2023-08-08,2023-08-10,자가용,"대구,경북 방문/경상권 거주/39세 이하/커플/일반미션",1;2;21;22;4,6;22;2
f_f005444,F05,f005444,10;2,2023-08-06,2023-08-08,자가용,"부산,울산,경남 방문/경상권 거주/39세 이하/커플/일반미션",10;2,1;10;24
f_f005445,F01,f005445,1;5;7;12;22;24;26;27,2023-08-25,2023-08-27,자가용,강원 방문/거주지 구분 없음/39세 이하/특별미션,1;5;7;12;22;24;26;27,7;5;24
f_f005449,F06,f005449,2;22;24;27;3,2023-08-06,2023-08-07,자가용,"부산,울산,경남 방문/경상권 거주/39세 이하/커플/일반미션",2;22;24;27;3,3;27;7
f_f005501,F06,f005501,1;21;27,2023-08-15,2023-08-16,자가용,"부산,울산,경남 방문/경상권 외 거주/40세 이상/커플/일반미션",1;21;27,3;26;21
f_f005535,F03,f005535,1;2;3;4,2023-08-03,2023-08-04,대중교통 등,"대구,경북 방문/경상권 거주/39세 이하/커플/일반미션",1;2;3;4,2;4;1
f_f005573,F06,f005573,12;2;3;6,2023-08-26,2023-08-28,자가용,"부산,울산,경남 방문/경상권 외 거주/39세 이하/커플/일반미션",12;2;3;6,6;3;12
f_f005602,F05,f005602,22;24;6,2023-08-05,2023-08-07,대중교통 등,"부산,울산,경남 방문/경상권 거주/39세 이하/커플/일반미션",22;24;6,6;22;24
f_f005661,F05,f005661,26,2023-09-09,2023-09-11,자가용,울산 방문/거주지 구분 없음/40세 이상/특별미션,26,26;22;21
f_f005686,F01,f005686,1;10;2;4;6,2023-08-17,2023-08-19,대중교통 등,강원 방문/수도권/강원 외 거주/39세 이하/커플/일반미션,1;10;2;4;6,2;12;6
f_f005823,F01,f005823,2;22,2023-08-11,2023-08-12,자가용,강원 방문/수도권/강원 거주/39세 이하/부부/일반미션,2;22,2;22;26
f_f005914,F04,f005914,10;21;23,2023-09-10,2023-09-12,대중교통 등,"부산,울산,경남 방문/경상권 거주/39세 이하/커플/일반미션",10;21;23,21;23;2
f_f006004,F03,f006004,3;22;26;24,2023-08-24,2023-08-26,자가용,"대구,경북 방문/경상권 외 거주/39세 이하/커플/일반미션",3;22;26;24,3;26;22
f_f006006,F04,f006006,22;26;4;5;6,2023-08-20,2023-08-21,자가용,부산 방문/거주지 구분 없음/39세 이하/특별미션,22;26;4;5;6,22;26;6
f_f006357,F03,f006357,3;4;6,2023-08-16,2023-08-17,,"대구,경북 방문/경상권 거주/39세 이하/자녀동반/일반미션",3;4;6,6;3;11
f_f006380,F03,f006380,2;5;9;11,2023-08-14,2023-08-15,,"대구,경북 방문/경상권 거주/39세 이하/자녀동반/일반미션",2;5;9;11,2;6;3
f_f006481,F01,f006481,1;2;4;6;21;22;26,2023-08-19,2023-08-21,대중교통 등,강원 방문/수도권/강원 거주/39세 이하/커플/일반미션,1;2;4;6;21;22;26,6;2;4
f_f006520,F04,f006520,1;22;4;7,2023-09-10,2023-09-12,대중교통 등,"부산,울산,경남 방문/경상권 외 거주/39세 이하/나홀로 여행/일반미션",1;22;4;7,4;1;7
f_f006526,F01,f006526,10;2;28;6,2023-08-13,2023-08-15,자가용,강원 방문/수도권/강원 거주/39세 이하/자녀동반/일반미션,10;2;28;6,2;10;21
f_f006605,F04,f006605,21;22,2023-08-19,2023-08-20,자가용,부산 방문/거주지 구분 없음/40세 이상/특별미션,21;22,22;21;6
f_f006655,F01,f006655,1;11;22;26;5,2023-08-12,2023-08-14,자가용,강원 방문/수도권/강원 거주/39세 이하/3인 이상 친구/일반미션,1;11;22;26;5,22;11;5
f_f006739,F01,f006739,25,2023-08-26,2023-08-28,자가용,강원 방문/거주지 구분 없음/39세 이하/특별미션,25,1;23;25
f_f006888,F05,f006888,24,2023-08-16,2023-08-17,자가용,울산 방문/거주지 구분 없음/39세 이하/특별미션,24,2;24;22
f_f006895,F01,f006895,1;3;4;6;7,2023-08-30,2023-09-01,대중교통 등,강원 방문/수도권/강원 거주/39세 이하/커플/일반미션,1;3;4;6;7,5;22;26
f_f006926,F01,f006926,1;22;5;8,2023-08-26,2023-08-28,자가용,강원 방문/수도권/강원 거주/39세 이하/커플/일반미션,1;22;5;8,5;8;22
f_f006932,F04,f006932,9;22;26;6,2023-08-26,2023-08-28,대중교통 등,"부산,울산,경남 방문/경상권 외 거주/39세 이하/커플/일반미션",9;22;26;6,6;22;26
f_f007107,F06,f007107,21;22;24;9,2023-08-13,2023-08-14,자가용,경남 방문/거주지 구분 없음/39세 이하/특별미션,21;22;24;9,21;22;26
f_f007188,F06,f007188,2;21;22;23;3,2023-09-04,2023-09-06,자가용,경남 방문/거주지 구분 없음/40세 이상/특별미션,2;21;22;23;3,2;12;22
f_f007228,F01,f007228,1;21;22;6;9,2023-08-22,2023-08-24,자가용,강원 방문/거주지 구분 없음/39세 이하/특별미션,1;21;22;6;9,21;22;12
f_f007234,F04,f007234,1;6,2023-08-28,2023-08-30,대중교통 등,"부산,울산,경남 방문/경상권 거주/39세 이하/커플/일반미션",1;6,6;1;22
f_f007260,F01,f007260,11;12;22;26,2023-08-20,2023-08-22,대중교통 등,강원 방문/수도권/강원 거주/39세 이하/커플/일반미션,11;12;22;26,12;22;26
f_f007508,F01,f007508,2;24,2023-08-29,2023-08-31,자가용,강원 방문/거주지 구분 없음/39세 이하/특별미션,2;24,2;24;23
f_f007571,F01,f007571,26;4,2023-08-18,2023-08-20,대중교통 등,강원 방문/수도권/강원 거주/39세 이하/부부/일반미션,26;4,22;26;4
f_f007878,F01,f007878,1;21;3;4;9,2023-08-24,2023-08-26,자가용,강원 방문/수도권/강원 거주/39세 이하/커플/일반미션,1;21;3;4;9,22;23;26
f_f007889,F01,f007889,21;23;3;5,2023-08-18,2023-08-20,대중교통 등,강원 방문/수도권/강원 거주/39세 이하/커플/일반미션,21;23;3;5,23;21;3
f_f007925,F01,f007925,1;22;5,2023-08-26,2023-08-28,대중교통 등,강원 방문/거주지 구분 없음/39세 이하/특별미션,1;22;5,5;22;1
f_f008076,F01,f008076,10;21;23;27,2023-08-18,2023-08-20,자가용,강원 방문/수도권/강원 거주/39세 이하/커플/일반미션,10;21;23;27,23;21;27
f_f008079,F01,f008079,10;22;23;5;8,2023-08-23,2023-08-25,자가용,강원 방문/거주지 구분 없음/39세 이하/특별미션,10;22;23;5;8,8;10;22
f_f008113,F02,f008113,1;22;23;24;6,2023-08-21,2023-08-23,대중교통 등,대구 방문/거주지 구분 없음/39세 이하/특별미션,1;22;23;24;6,6;22;2
f_f008157,F04,f008157,1;2;22;24;6,2023-08-30,2023-09-01,대중교통 등,"부산,울산,경남 방문/경상권 외 거주/39세 이하/나홀로 여행/일반미션",1;2;22;24;6,1;4;12
f_f008176,F04,f008176,1;22;4;6;9,2023-08-26,2023-08-28,자가용,"부산,울산,경남 방문/경상권 외 거주/39세 이하/3인 이상 친구/일반미션",1;22;4;6;9,6;9;24
f_f008182,F01,f008182,22;26;5;6;7,2023-08-21,2023-08-23,대중교통 등,강원 방문/수도권/강원 거주/39세 이하/3인 이상 친구/일반미션,22;26;5;6;7,7;22;26
f_f008259,F01,f008259,2;22;24;26,2023-08-18,2023-08-19,자가용,강원 방문/수도권/강원 외 거주/39세 이하/커플/일반미션,2;22;24;26,2;24;22
f_f008379,F06,f008379,2;22,2023-08-19,2023-08-20,자가용,"부산,울산,경남 방문/경상권 거주/40세 이상/부부/일반미션",2;22,3;12;22
f_f008380,F01,f008380,1;21;23;5,2023-09-10,2023-09-12,자가용,강원 방문/수도권/강원 거주/40세 이상/자녀동반/일반미션,1;21;23;5,23;21;2
f_f008418,F01,f008418,10;2;4;5;6,2023-08-25,2023-08-27,대중교통 등,강원 방문/수도권/강원 거주/39세 이하/커플/일반미션,10;2;4;5;6,23;22;10
f_f008427,F01,f008427,10;2;25;5,2023-08-19,2023-08-21,자가용,강원 방문/수도권/강원 거주/39세 이하/부모 동반/일반미션,10;2;25;5,25;2;5
f_f008558,F03,f008558,21;4,2023-08-27,2023-08-28,,"대구,경북 방문/경상권 거주/39세 이하/자녀동반/일반미션",21;4,6;11;21
f_f008567,F06,f008567,28;3;4;5;6,2023-08-27,2023-08-28,,"부산,울산,경남 방문/경상권 거주/40세 이상/자녀동반/일반미션",28;3;4;5;6,3;6;11
f_f008608,F06,f008608,28;6,2023-08-21,2023-08-22,,경남 방문/거주지 구분 없음/40세 이상/특별미션,28;6,24;28;4
f_f008814,F03,f008814,12;22;5,2023-08-26,2023-08-28,자가용,"대구,경북 방문/경상권 거주/39세 이하/3인 이상 친구/일반미션",12;22;5,12;22;1
f_f008862,F01,f008862,1;21;22;26;27,2023-08-22,2023-08-24,자가용,강원 방문/수도권/강원 거주/39세 이하/자녀동반/일반미션,1;21;22;26;27,22;21;26
f_f009182,F01,f009182,13;21;27;3;6,2023-08-22,2023-08-23,,강원 방문/수도권/강원 거주/40세 이상/나홀로 여행/일반미션,13;21;27;3;6,3;13;21
f_f009188,F06,f009188,11;21;24;4;6,2023-08-20,2023-08-21,,"부산,울산,경남 방문/경상권 거주/39세 이하/자녀동반/일반미션",11;21;24;4;6,6;21;22
f_f009201,F03,f009201,1;12;2;22,2023-08-27,2023-08-28,자가용,경북 방문/거주지 구분 없음/39세 이하/특별미션,1;12;2;22,12;2;22
f_f009255,F04,f009255,4;9;22;6;24;27;21,2023-08-26,2023-08-27,대중교통 등,"부산,울산,경남 방문/경상권 거주/39세 이하/커플/일반미션",4;9;22;6;24;27;21,24;23;22
f_f009257,F03,f009257,1;22;26;3;4,2023-08-24,2023-08-25,대중교통 등,"대구,경북 방문/경상권 거주/39세 이하/커플/일반미션",1;22;26;3;4,3;22;6
f_f009311,F04,f009311,1;2;22;23;6,2023-08-27,2023-08-29,대중교통 등,"부산,울산,경남 방문/경상권 외 거주/39세 이하/부부/일반미션",1;2;22;23;6,22;6;1
f_f009462,F02,f009462,21;22;26,2023-08-26,2023-08-27,대중교통 등,대구 방문/거주지 구분 없음/39세 이하/특별미션,21;22;26,21;22;26
f_f009530,F06,f009530,22;24;3,2023-08-29,2023-08-31,대중교통 등,"부산,울산,경남 방문/경상권 외 거주/39세 이하/커플/일반미션",22;24;3,3;22;23
f_f009562,F06,f009562,1;2;21;22;6,2023-08-27,2023-08-28,자가용,"부산,울산,경남 방문/경상권 거주/39세 이하/자녀동반/일반미션",1;2;21;22;6,2;26;22
f_f009750,F03,f009750,21;22;24;26;28,2023-08-27,2023-08-28,자가용,"대구,경북 방문/경상권 거주/39세 이하/3대 동반 여행/일반미션",21;22;24;26;28,3;22;26
f_f009756,F02,f009756,4;6,2023-09-09,2023-09-10,대중교통 등,"대구,경북 방문/경상권 거주/39세 이하/나홀로 여행/일반미션",4;6,6;1;4
f_f009828,F03,f009828,22;24;26;5,2023-08-26,2023-08-27,자가용,"대구,경북 방문/경상권 거주/39세 이하/커플/일반미션",22;24;26;5,5;3;24
f_f009968,F01,f009968,21;22;23;25;26,2023-09-02,2023-09-04,자가용,강원 방문/수도권/강원 거주/39세 이하/부부/일반미션,21;22;23;25;26,5;22;25
f_f010067,F04,f010067,4,2023-08-22,2023-08-23,대중교통 등,"부산,울산,경남 방문/경상권 거주/39세 이하/커플/일반미션",4,22;4;26
f_f010099,F04,f010099,1;21;23;4,2023-08-24,2023-08-26,대중교통 등,"부산,울산,경남 방문/경상권 거주/39세 이하/커플/일반미션",1;21;23;4,1;4;26
f_f010302,F04,f010302,1;21;22;4,2023-08-24,2023-08-25,자가용,"부산,울산,경남 방문/경상권 거주/39세 이하/3인 이상 친구/일반미션",1;21;22;4,21;1;22
f_f010337,F04,f010337,1;12;4;5;7,2023-08-26,2023-08-28,대중교통 등,부산 방문/거주지 구분 없음/39세 이하/특별미션,1;12;4;5;7,5;1;22
f_f010443,F03,f010443,1;12;22;26;3,2023-08-27,2023-08-28,자가용,"대구,경북 방문/경상권 거주/39세 이하/커플/일반미션",1;12;22;26;3,3;22;26
f_f010522,F04,f010522,22;24;3,2023-08-27,2023-08-28,자가용,"부산,울산,경남 방문/경상권 거주/40세 이상/자녀동반/일반미션",22;24;3,6;3;22
f_f010564,F06,f010564,1;2;21;22;26,2023-08-22,2023-08-23,대중교통 등,경남 방문/거주지 구분 없음/39세 이하/특별미션,1;2;21;22;26,1;2;22
f_f010656,F03,f010656,4;21;22;26;1;9,2023-08-26,2023-08-27,자가용,"대구,경북 방문/경상권 거주/39세 이하/커플/일반미션",4;21;22;26;1;9,3;9;2
f_f010778,F06,f010778,1;12;13;22;3,2023-08-25,2023-08-26,자가용,경남 방문/거주지 구분 없음/39세 이하/특별미션,1;12;13;22;3,22;3;13
f_f010784,F06,f010784,21;22;23;26;5,2023-08-28,2023-08-30,자가용,"부산,울산,경남 방문/경상권 거주/39세 이하/3인 이상 친구/일반미션",21;22;23;26;5,23;24;22
f_f010785,F06,f010785,1;21;22;3,2023-08-27,2023-08-28,자가용,"부산,울산,경남 방문/경상권 거주/39세 이하/커플/일반미션",1;21;22;3,21;22;2
f_f010875,F01,f010875,1;22;24;6,2023-08-28,2023-08-29,대중교통 등,강원 방문/수도권/강원 거주/39세 이하/나홀로 여행/일반미션,1;22;24;6,1;22;6
f_f010914,F01,f010914,2;22;24;26;4,2023-09-02,2023-09-03,대중교통 등,강원 방문/수도권/강원 거주/39세 이하/커플/일반미션,2;22;24;26;4,22;5;26
f_f010978,F02,f010978,1;2;4,2023-08-25,2023-08-27,대중교통 등,"대구,경북 방문/경상권 외 거주/39세 이하/나홀로 여행/일반미션",1;2;4,1;2;4
f_f011070,F04,f011070,1;22;27;28;6,2023-08-28,2023-08-29,대중교통 등,"부산,울산,경남 방문/경상권 거주/39세 이하/나홀로 여행/일반미션",1;22;27;28;6,22;26;4
f_f011221,F03,f011221,22;26;4,2023-08-23,2023-08-24,자가용,"대구,경북 방문/경상권 거주/39세 이하/커플/일반미션",22;26;4,22;26;4
f_f011268,F03,f011268,2;1;3;6;7;22;26,2023-08-30,2023-09-01,대중교통 등,"대구,경북 방문/경상권 외 거주/39세 이하/커플/일반미션",2;1;3;6;7;22;26,2;3;1
f_f011303,F01,f011303,1;5;22;26;4,2023-08-26,2023-08-28,자가용,강원 방문/수도권/강원 거주/39세 이하/3인 이상 친구/일반미션,1;5;22;26;4,5;6;26
f_f011314,F01,f011314,1;2;24;5;22;26;27,2023-08-27,2023-08-28,대중교통 등,강원 방문/수도권/강원 거주/39세 이하/커플/일반미션,1;2;24;5;22;26;27,5;22;4
f_f011548,F03,f011548,1;21;22;26;6,2023-08-23,2023-08-24,대중교통 등,"대구,경북 방문/경상권 거주/39세 이하/나홀로 여행/일반미션",1;21;22;26;6,26;4;22
f_f011719,F03,f011719,12;22;24;27;3,2023-08-26,2023-08-27,자가용,경북 방문/거주지 구분 없음/40세 이상/특별미션,12;22;24;27;3,3;21;26
f_f011863,F01,f011863,12;21;22;3;5,2023-08-26,2023-08-28,자가용,강원 방문/수도권/강원 거주/39세 이하/부부/일반미션,12;21;22;3;5,21;10;22
f_f011949,F01,f011949,11;2;3;4;9,2023-09-02,2023-09-04,자가용,강원 방문/수도권/강원 거주/40세 이상/3인 이상 친구/일반미션,11;2;3;4;9,2;3;11
f_f012113,F01,f012113,1;10;2;4;5,2023-08-25,2023-08-27,대중교통 등,강원 방문/수도권/강원 거주/39세 이하/3인 이상 친구/일반미션,1;10;2;4;5,5;10;2
f_f012140,F01,f012140,26;27,2023-08-31,2023-09-01,대중교통 등,강원 방문/거주지 구분 없음/40세 이상/특별미션,26;27,22;26;5
f_f012204,F03,f012204,2;22;24;26;9,2023-08-25,2023-08-26,자가용,"대구,경북 방문/경상권 거주/39세 이하/나홀로 여행/일반미션",2;22;24;26;9,2;26;22
f_f012222,F01,f012222,21;22;5,2023-08-25,2023-08-26,대중교통 등,강원 방문/수도권/강원 거주/39세 이하/3인 이상 친구/일반미션,21;22;5,5;21;22
f_f012225,F04,f012225,1;21;22;26;4,2023-08-26,2023-08-27,대중교통 등,부산 방문/거주지 구분 없음/39세 이하/특별미션,1;21;22;26;4,21;26;4
f_f012426,F01,f012426,21;22;24,2023-09-11,2023-09-12,자가용,강원 방문/거주지 구분 없음/39세 이하/특별미션,21;22;24,22;21;24
f_f012536,F01,f012536,21;22,2023-08-28,2023-08-29,대중교통 등,강원 방문/거주지 구분 없음/39세 이하/특별미션,21;22,21;22;4
f_f012595,F04,f012595,4;6;7,2023-08-26,2023-08-28,자가용,"부산,울산,경남 방문/경상권 거주/39세 이하/커플/일반미션",4;6;7,6;7;1
f_f012624,F02,f012624,1;21;22;26;3,2023-08-31,2023-09-02,대중교통 등,"대구,경북 방문/경상권 거주/39세 이하/커플/일반미션",1;21;22;26;3,22;2;26
f_f012639,F04,f012639,1;6;22;24;27,2023-09-07,2023-09-08,대중교통 등,"부산,울산,경남 방문/경상권 거주/39세 이하/나홀로 여행/일반미션",1;6;22;24;27,1;6;27
f_f012649,F01,f012649,1;2;21;4;7,2023-09-02,2023-09-03,자가용,강원 방문/수도권/강원 거주/39세 이하/커플/일반미션,1;2;21;4;7,4;28;9
f_f012755,F02,f012755,1;4;6;22,2023-08-26,2023-08-27,대중교통 등,"대구,경북 방문/경상권 거주/39세 이하/커플/일반미션",1;4;6;22,1;22;4
f_f012889,F03,f012889,22;3;4;6,2023-09-10,2023-09-11,대중교통 등,"대구,경북 방문/경상권 거주/40세 이상/나홀로 여행/일반미션",22;3;4;6,2;3;6
f_f012946,F03,f012946,2;3;1;4;6;10;12;22;24;28,2023-09-10,2023-09-11,대중교통 등,"대구,경북 방문/경상권 외 거주/39세 이하/나홀로 여행/일반미션",2;3;1;4;6;10;12;22;24;28,3;24;1
f_f012957,F04,f012957,1;2;22;26;6,2023-08-29,2023-08-30,대중교통 등,"부산,울산,경남 방문/경상권 거주/39세 이하/부부/일반미션",1;2;22;26;6,2;6;22
f_f012976,F01,f012976,5;7;24;26,2023-09-09,2023-09-11,대중교통 등,강원 방문/수도권/강원 거주/39세 이하/커플/일반미션,5;7;24;26,7;24;4
f_f012987,F01,f012987,2,2023-08-30,2023-09-01,자가용,강원 방문/수도권/강원 거주/39세 이하/자녀동반/일반미션,2,8;10;5
f_f013057,F03,f013057,12;22;23;4;5,2023-08-26,2023-08-28,자가용,"대구,경북 방문/경상권 거주/39세 이하/3인 이상 친구/일반미션",12;22;23;4;5,24;1;22
f_f013167,F04,f013167,1;22;12;26;11,2023-08-26,2023-08-28,자가용,부산 방문/거주지 구분 없음/39세 이하/특별미션,1;22;12;26;11,22;26;11
f_f013202,F01,f013202,12;28;3,2023-08-26,2023-08-27,자가용,강원 방문/수도권/강원 거주/39세 이하/나홀로 여행/일반미션,12;28;3,28;12;1
f_f013320,F01,f013320,1;2;22;26;6,2023-08-27,2023-08-29,자가용,강원 방문/수도권/강원 거주/39세 이하/나홀로 여행/일반미션,1;2;22;26;6,1;22;24
f_f013422,F01,f013422,23,2023-09-09,2023-09-11,대중교통 등,강원 방문/거주지 구분 없음/39세 이하/특별미션,23,23;1;4
f_f013460,F01,f013460,5;10;2;21;22,2023-08-31,2023-09-01,자가용,강원 방문/수도권/강원 거주/39세 이하/3인 이상 친구/일반미션,5;10;2;21;22,2;10;22
f_f013493,F01,f013493,28,2023-09-02,2023-09-03,자가용,강원 방문/거주지 구분 없음/40세 이상/특별미션,28,28;24;22
f_f013942,F04,f013942,1;22;23;3;7,2023-08-30,2023-09-01,대중교통 등,"부산,울산,경남 방문/경상권 외 거주/39세 이하/3대 동반 여행/일반미션",1;22;23;3;7,1;22;23
f_f014045,F01,f014045,21;22;24;26;27,2023-09-05,2023-09-06,대중교통 등,강원 방문/수도권/강원 거주/39세 이하/나홀로 여행/일반미션,21;22;24;26;27,22;21;26
f_f014097,F06,f014097,22,2023-09-09,2023-09-11,대중교통 등,경남 방문/거주지 구분 없음/39세 이하/특별미션,22,26;24;22
f_f014104,F06,f014104,13;22;5;8,2023-09-02,2023-09-04,자가용,경남 방문/거주지 구분 없음/40세 이상/특별미션,13;22;5;8,8;5;6
f_f014131,F01,f014131,28;3,2023-09-02,2023-09-04,자가용,강원 방문/거주지 구분 없음/40세 이상/특별미션,28;3,3;24;28
f_f014134,F04,f014134,1;22;26;5,2023-08-29,2023-08-30,대중교통 등,"부산,울산,경남 방문/경상권 외 거주/39세 이하/커플/일반미션",1;22;26;5,26;22;1
f_f014140,F04,f014140,1;22;26;27,2023-09-01,2023-09-03,자가용,"부산,울산,경남 방문/경상권 거주/39세 이하/커플/일반미션",1;22;26;27,1;22;26
f_f014163,F01,f014163,22;24;27,2023-08-30,2023-09-01,대중교통 등,강원 방문/거주지 구분 없음/39세 이하/특별미션,22;24;27,27;24;22
f_f014170,F01,f014170,11;2;22;3;6,2023-08-29,2023-08-31,대중교통 등,강원 방문/수도권/강원 외 거주/39세 이하/커플/일반미션,11;2;22;3;6,22;21;1
f_f014175,F01,f014175,22;23;26;2,2023-08-29,2023-08-31,대중교통 등,강원 방문/수도권/강원 거주/39세 이하/3인 이상 친구/일반미션,22;23;26;2,26;22;2
f_f014452,F01,f014452,1;2;22;26,2023-09-08,2023-09-09,자가용,강원 방문/수도권/강원 거주/39세 이하/자녀동반/일반미션,1;2;22;26,2;1;22
f_f014901,F04,f014901,1;22,2023-09-01,2023-09-02,자가용,"부산,울산,경남 방문/경상권 거주/39세 이하/부부/일반미션",1;22,1;22;26
f_f014972,F06,f014972,2;22;23;26;27,2023-09-03,2023-09-04,자가용,"부산,울산,경남 방문/경상권 거주/39세 이하/커플/일반미션",2;22;23;26;27,3;1;4
f_f015247,F01,f015247,28,2023-09-09,2023-09-10,자가용,강원 방문/거주지 구분 없음/39세 이하/특별미션,28,28;21;24
f_f015250,F04,f015250,2,2023-09-01,2023-09-02,자가용,"부산,울산,경남 방문/경상권 거주/39세 이하/자녀동반/일반미션",2,2;1;10
f_f015285,F01,f015285,1;2;22;24,2023-09-02,2023-09-03,자가용,강원 방문/거주지 구분 없음/40세 이상/특별미션,1;2;22;24,22;2;1
f_f015319,F03,f015319,1;2;3;4;6,2023-09-09,2023-09-10,자가용,"대구,경북 방문/경상권 거주/39세 이하/3인 이상 친구/일반미션",1;2;3;4;6,3;1;5
f_f015367,F03,f015367,1;2;22;3,2023-09-08,2023-09-09,자가용,"대구,경북 방문/경상권 거주/39세 이하/부부/일반미션",1;2;22;3,2;3;1
f_f015409,F01,f015409,1;22;26;4,2023-09-03,2023-09-04,자가용,강원 방문/수도권/강원 거주/39세 이하/부부/일반미션,1;22;26;4,26;1;4
f_f015410,F06,f015410,13;21;22,2023-09-23,2023-09-24,자가용,"부산,울산,경남 방문/경상권 거주/39세 이하/커플/일반미션",13;21;22,13;21;22
f_f015448,F03,f015448,11;22;27;28;5,2023-09-10,2023-09-11,대중교통 등,"대구,경북 방문/경상권 거주/40세 이상/3인 이상 친구/일반미션",11;22;27;28;5,11;27;28
f_f015477,F01,f015477,1;22;24;27;6,2023-09-02,2023-09-03,자가용,강원 방문/수도권/강원 거주/39세 이하/커플/일반미션,1;22;24;27;6,6;11;21
f_f015529,F06,f015529,13;21;27;28;4,2023-09-17,2023-09-18,,"부산,울산,경남 방문/경상권 거주/40세 이상/자녀동반/일반미션",13;21;27;28;4,3;6;21
f_f015600,F06,f015600,22;3;4;9,2023-09-14,2023-09-15,,"부산,울산,경남 방문/경상권 외 거주/40세 이상/자녀동반/일반미션",22;3;4;9,3;26;6
f_f015610,F03,f015610,4;2;27;22;6;12;26,2023-09-09,2023-09-10,자가용,"대구,경북 방문/경상권 거주/39세 이하/커플/일반미션",4;2;27;22;6;12;26,4;11;12
f_f015615,F01,f015615,1;22;26;3;6,2023-09-15,2023-09-16,자가용,강원 방문/수도권/강원 거주/39세 이하/나홀로 여행/일반미션,1;22;26;3;6,6;1;22
f_f015703,F06,f015703,3;3;6;24;13;22;24;3;3,2023-09-23,2023-09-24,자가용,경남 방문/거주지 구분 없음/40세 이상/특별미션,3;3;6;24;13;22;24;3;3,3;13;21
f_f015714,F01,f015714,1;22;23;26;6,2023-09-17,2023-09-18,자가용,강원 방문/수도권/강원 거주/39세 이하/커플/일반미션,1;22;23;26;6,6;21;22
f_f015740,F04,f015740,1;10;2;22;26,2023-09-03,2023-09-04,대중교통 등,"부산,울산,경남 방문/경상권 거주/39세 이하/커플/일반미션",1;10;2;22;26,10;22;24
f_f015841,F01,f015841,12,2023-09-16,2023-09-17,자가용,강원 방문/수도권/강원 거주/39세 이하/커플/일반미션,12,12;2;22
f_f015842,F03,f015842,21;3;6;9,2023-09-16,2023-09-17,자가용,경북 방문/거주지 구분 없음/40세 이상/특별미션,21;3;6;9,21;6;1
f_f015905,F06,f015905,13;6,2023-09-03,2023-09-04,,"부산,울산,경남 방문/경상권 거주/40세 이상/부부/일반미션",13;6,3;10;13
f_f015954,F06,f015954,12,2023-09-11,2023-09-12,자가용,"부산,울산,경남 방문/경상권 거주/39세 이하/커플/일반미션",12,12;21;22
f_f015975,F06,f015975,1;22;4;7,2023-09-15,2023-09-16,대중교통 등,"부산,울산,경남 방문/경상권 거주/39세 이하/나홀로 여행/일반미션",1;22;4;7,22;1;7
f_f016036,F06,f016036,1;2;22;7,2023-09-05,2023-09-06,자가용,"부산,울산,경남 방문/경상권 거주/39세 이하/커플/일반미션",1;2;22;7,2;1;7
f_f016094,F03,f016094,1;22;3,2023-09-13,2023-09-14,자가용,"대구,경북 방문/경상권 거주/39세 이하/나홀로 여행/일반미션",1;22;3,1;3;6
f_f016105,F04,f016105,1;21;22;4;6,2023-09-05,2023-09-06,자가용,"부산,울산,경남 방문/경상권 거주/39세 이하/부부/일반미션",1;21;22;4;6,6;21;22
f_f016354,F02,f016354,1;2;6;7,2023-09-14,2023-09-15,자가용,"대구,경북 방문/경상권 거주/39세 이하/커플/일반미션",1;2;6;7,1;6;2
f_f016357,F04,f016357,2;6;1;22;26,2023-09-10,2023-09-11,대중교통 등,"부산,울산,경남 방문/경상권 외 거주/39세 이하/부부/일반미션",2;6;1;22;26,2;22;6
f_f016391,F03,f016391,1;12;22;26;27,2023-09-08,2023-09-09,대중교통 등,"대구,경북 방문/경상권 거주/39세 이하/커플/일반미션",1;12;22;26;27,27;3;12
f_f016456,F04,f016456,1;22;4;6,2023-09-15,2023-09-16,대중교통 등,"부산,울산,경남 방문/경상권 거주/39세 이하/커플/일반미션",1;22;4;6,1;4;24
f_f016457,F06,f016457,21,2023-09-18,2023-09-19,자가용,경남 방문/거주지 구분 없음/40세 이상/특별미션,21,3;21;22
f_f016470,F04,f016470,1;22;24;27,2023-09-08,2023-09-09,대중교통 등,"부산,울산,경남 방문/경상권 거주/40세 이상/커플/일반미션",1;22;24;27,1;22;24
f_f016495,F01,f016495,1;2;4,2023-09-09,2023-09-10,자가용,강원 방문/수도권/강원 거주/39세 이하/커플/일반미션,1;2;4,2;4;1
f_f016536,F02,f016536,1;22;6,2023-09-13,2023-09-14,대중교통 등,"대구,경북 방문/경상권 외 거주/39세 이하/나홀로 여행/일반미션",1;22;6,22;1;6
f_f016571,F04,f016571,1;22;4,2023-09-10,2023-09-11,대중교통 등,"부산,울산,경남 방문/경상권 거주/39세 이하/나홀로 여행/일반미션",1;22;4,22;1;4
f_f016634,F01,f016634,1;21;22;26;4,2023-09-17,2023-09-18,자가용,강원 방문/거주지 구분 없음/40세 이상/특별미션,1;21;22;26;4,4;22;21
f_f016699,F06,f016699,10;2;21;22,2023-09-17,2023-09-18,자가용,"부산,울산,경남 방문/경상권 거주/39세 이하/부부/일반미션",10;2;21;22,10;2;21
f_f016739,F06,f016739,1;2;22;3;6,2023-09-17,2023-09-18,자가용,"부산,울산,경남 방문/경상권 거주/40세 이상/커플/일반미션",1;2;22;3;6,2;3;22
f_f016818,F01,f016818,2;22;24;26;27,2023-09-16,2023-09-17,대중교통 등,강원 방문/수도권/강원 거주/39세 이하/커플/일반미션,2;22;24;26;27,2;6;24
