TRAVELER_ID,RESIDENCE_SGG_CD,GENDER,AGE_GRP,EDU_NM,EDU_FNSH_SE,MARR_STTS,FAMILY_MEMB,JOB_NM,JOB_ETC,INCOME,HOUSE_INCOME,TRAVEL_TERM,TRAVEL_NUM,TRAVEL_LIKE_SIDO_1,TRAVEL_LIKE_SGG_1,TRAVEL_LIKE_SIDO_2,TRAVEL_LIKE_SGG_2,TRAVEL_LIKE_SIDO_3,TRAVEL_LIKE_SGG_3,TRAVEL_STYL_1,TRAVEL_STYL_2,TRAVEL_STYL_3,TRAVEL_STYL_4,TRAVEL_STYL_5,TRAVEL_STYL_6,TRAVEL_STYL_7,TRAVEL_STYL_8,TRAVEL_STATUS_RESIDENCE,TRAVEL_STATUS_DESTINATION,TRAVEL_STATUS_ACCOMPANY,TRAVEL_STATUS_YMD,TRAVEL_MOTIVE_1,TRAVEL_MOTIVE_2,TRAVEL_MOTIVE_3,TRAVEL_COMPANIONS_NUM
f001906,41,여,20,5,1,2,3,2,,4,6,2,2,26,26350,28,28710,50,50130,4,1,1,4,1,7,7,7,경기도,대구,3인 이상 여행(가족 외),2023-05-28~2023-05-29,1,,,2
f015319,31,여,20,6,1,2,3,2,,2,4,3,2,50,50130,26,26500,47,47130,2,2,1,2,2,1,1,4,울산광역시,경북,3인 이상 여행(가족 외),2023-09-10~2023-09-10,3,2,8,2
f003543,26,남,50,8,1,2,4,2,,5,6,3,4,50,50130,48,48330,45,45110,5,3,2,7,4,6,1,3,부산광역시,경남,자녀 동반 여행,2023-06-24~2023-06-24,1,3,5,3
f008379,26,여,40,6,1,2,4,3,,4,11,3,4,48,48220,48,48310,48,48840,3,7,5,3,2,7,3,1,부산광역시,경남,2인 가족 여행,2023-08-19~2023-08-19,3,2,6,1
f000040,11,여,40,5,1,2,5,3,,10,12,3,3,42,42210,45,45770,41,41820,2,2,2,2,5,5,3,4,서울특별시,강원,3인 이상 여행(가족 외),2023-04-28~2023-04-29,2,1,6,7
f004112,11,남,30,6,1,1,1,1,,5,,2,1,31,31140,41,41450,42,42720,6,5,5,2,2,6,2,3,서울특별시,울산,나홀로 여행,2023-07-08~2023-07-09,2,8,1,0
f016699,26,남,20,6,1,1,3,2,,5,5,2,1,50,50130,48,48740,42,42830,3,4,1,5,5,4,6,5,부산광역시,경남,2인 가족 여행,2023-09-17~2023-09-17,3,2,1,1
f004470,48,여,40,6,1,2,4,3,,2,4,2,1,27,27290,11,11215,47,47720,2,3,3,4,3,3,3,5,경상남도,경남,3대 동반 여행(친척 포함),2023-07-15~2023-07-15,1,9,2,2
f001226,41,남,50,6,1,2,3,13,,7,9,3,4,50,50110,41,41270,29,29155,2,6,6,2,1,4,1,1,경기도,강원,자녀 동반 여행,2023-05-27~2023-05-29,1,2,3,2
f006895,11,여,30,6,5,1,2,2,,2,7,3,6,50,50130,42,42760,26,26500,3,2,2,3,5,4,4,6,서울특별시,경북,2인 여행(가족 외),2023-08-24~2023-08-25,1,2,8,1
f003631,42,남,40,6,1,2,4,2,,6,7,2,4,50,50130,42,42150,41,41670,4,4,4,4,4,4,4,4,강원도,강원,자녀 동반 여행,2023-07-01~2023-07-01,3,2,6,3
f003509,27,여,20,6,1,1,3,4,,3,7,2,2,31,31110,50,50110,48,48240,2,4,1,4,4,4,3,4,대구광역시,경남,나홀로 여행,2023-06-18~2023-06-18,1,7,6,0
f005823,41,남,30,6,1,2,2,2,,3,5,2,1,28,28185,26,26350,42,42210,6,6,5,6,6,6,6,6,경기도,강원,2인 가족 여행,2023-08-11~2023-08-11,5,7,3,1
f004552,48,여,40,6,1,2,4,11,,5,9,3,2,50,50110,42,42150,26,26350,1,4,2,4,1,4,3,3,경상남도,부산,3인 이상 여행(가족 외),2023-07-16~2023-07-16,8,3,2,2
f000767,42,남,50,6,1,2,3,2,,5,9,2,1,42,42210,11,11710,27,27710,3,2,1,4,6,6,2,6,강원도,강원,자녀 동반 여행,2023-06-03~2023-06-05,3,1,8,2
f010914,11,남,30,7,1,1,1,2,,4,,4,2,42,42150,48,48220,45,45110,3,2,4,4,2,6,6,5,서울특별시,강원,2인 여행(가족 외),2023-09-02~2023-09-02,3,1,9,1
f004768,41,여,20,6,1,1,5,3,,5,8,2,5,41,41170,42,42150,44,44760,2,2,1,2,4,2,2,6,경기도,강원,2인 여행(가족 외),2023-07-22~2023-07-23,3,5,1,1
f001514,30,남,20,6,1,1,1,3,,5,,3,6,50,50130,50,50110,26,26350,4,2,2,4,6,2,7,2,전라북도,부산,2인 여행(가족 외),2023-05-26~2023-05-28,2,3,1,1
f007508,41,여,20,4,1,1,4,12,,2,8,3,3,42,42150,42,42210,41,41820,4,1,2,3,3,5,6,5,서울특별시,강원,2인 여행(가족 외),2023-08-29~2023-08-30,3,7,2,1
f015250,48,여,30,7,1,2,4,11,,2,6,2,1,11,11170,26,26200,11,11590,1,4,3,5,5,2,3,4,경상남도,부산,자녀 동반 여행,2023-09-01~2023-09-01,1,3,10,3
f000461,41,여,20,6,1,1,1,3,,3,,3,2,26,26350,42,42150,28,28720,2,4,3,5,3,4,6,7,경기도,경북,2인 여행(가족 외),2023-06-02~2023-06-04,1,3,5,1
f000429,11,남,60,6,1,2,3,1,,5,7,3,6,50,50110,26,26500,47,47940,2,4,3,2,2,4,2,4,서울특별시,부산,3인 이상 여행(가족 외),2023-05-19~2023-05-21,3,6,2,2
f001321,41,여,40,6,1,2,4,4,,3,8,4,1,42,42720,41,41270,42,42750,5,1,3,5,2,5,6,6,서울특별시,경북,3인 이상 여행(가족 외),2023-05-27~2023-05-28,3,8,10,3
f000473,26,남,30,6,1,1,1,3,,4,,2,1,48,48890,48,48310,31,31140,2,2,4,3,2,5,6,2,부산광역시,경남,2인 여행(가족 외),2023-05-27~2023-05-29,1,3,2,1
f014175,41,남,20,4,1,1,4,12,,3,8,3,2,50,50130,29,29110,41,41110,3,1,2,3,6,6,1,3,경기도,강원,3인 이상 여행(가족 외),2023-08-29~2023-08-30,3,1,2,2
f015529,26,남,50,8,1,2,3,2,,11,11,2,2,31,31710,41,41110,11,11110,3,3,2,3,4,3,3,3,부산광역시,경남,자녀 동반 여행,2023-09-17~2023-09-17,2,3,8,2
f000568,11,여,20,6,1,1,2,3,,4,12,3,6,50,50110,26,26350,44,44150,5,1,1,3,5,2,2,6,서울특별시,강원,2인 가족 여행,2023-05-20~2023-05-21,2,4,1,1
f003256,26,남,40,4,1,1,1,5,,4,,2,1,48,48250,47,47130,48,48330,4,4,4,1,4,4,1,7,부산광역시,울산,나홀로 여행,2023-06-23~2023-06-23,2,1,,0
f016818,11,남,30,6,1,1,3,2,,6,12,3,3,47,47130,42,42150,45,45110,3,2,4,1,1,5,7,3,서울특별시,강원,2인 여행(가족 외),2023-09-16~2023-09-16,2,7,,1
f011548,26,여,20,6,1,1,4,3,,4,7,2,1,11,11680,27,27110,26,26230,6,6,4,5,6,5,6,5,부산광역시,경북,나홀로 여행,2023-08-23~2023-08-23,4,2,7,0
f000538,11,남,40,6,1,2,4,3,,12,12,2,2,42,42210,50,50110,48,48310,6,1,2,2,6,2,2,4,서울특별시,강원,자녀 동반 여행,2023-06-03~2023-06-05,2,3,7,3
f001658,48,여,30,6,1,2,2,2,,5,12,2,1,47,47130,26,26350,48,48740,2,7,7,3,6,7,2,7,경상남도,경남,부모 동반 여행,2023-05-27~2023-05-27,3,7,10,3
f007925,11,여,30,6,1,1,1,2,,6,,3,2,45,45790,48,48840,50,50130,1,1,6,1,1,6,6,3,서울특별시,강원,나홀로 여행,2023-08-26~2023-08-27,1,7,6,0
f001912,11,여,50,5,1,2,3,11,,1,9,2,2,42,42210,42,42110,44,44150,5,5,6,3,5,3,3,6,서울특별시,강원,3인 이상 여행(가족 외),2023-05-29~2023-05-29,3,1,5,2
f000796,48,여,20,6,1,1,4,3,,4,9,2,3,47,47130,26,26710,11,11215,2,3,3,3,4,3,5,7,경상남도,경남,부모 동반 여행,2023-05-27~2023-05-27,8,7,1,3
f016470,48,남,50,5,5,2,2,5,,5,7,3,1,50,50130,26,26200,48,48870,4,7,7,4,4,1,7,7,경상남도,부산,2인 여행(가족 외),2023-09-08~2023-09-08,1,3,7,1
f000338,30,여,20,6,2,1,1,12,,6,,2,2,42,42210,42,42150,48,48840,2,2,1,2,3,2,4,2,대전광역시,경남,2인 여행(가족 외),2023-05-20~2023-05-21,2,9,3,1
f002600,11,여,60,6,1,2,2,11,,2,3,3,1,26,26350,42,42210,28,28710,4,3,5,1,3,6,6,1,서울특별시,강원,자녀 동반 여행,2023-06-09~2023-06-10,1,3,2,2
e005633,48,남,20,6,2,1,1,12,,2,,3,5,11,11320,42,42210,26,26350,5,2,1,3,6,7,2,5,경상남도,서울,2인 여행(가족 외),2023-07-26~2023-07-28,3,1,5,1
f008176,43,남,30,6,1,1,1,8,,3,,2,1,42,42810,50,50110,46,46770,5,3,3,4,3,5,3,2,경기도,부산,3인 이상 여행(가족 외),2023-08-26~2023-08-27,4,5,7,4
f012957,48,남,30,6,1,1,4,3,,4,11,2,1,48,48310,26,26500,50,50130,3,1,6,2,2,6,1,5,경상남도,부산,2인 가족 여행,2023-08-29~2023-08-29,7,5,3,1
f001843,41,남,50,5,1,2,4,3,,5,9,3,3,42,42170,41,41830,43,43150,1,1,1,1,1,7,7,7,경기도,강원,자녀 동반 여행,2023-06-03~2023-06-04,3,1,7,1
f001925,26,여,50,5,1,1,2,3,,4,6,3,4,50,50130,48,48330,48,48840,6,4,5,5,6,5,6,2,부산광역시,경남,나홀로 여행,2023-05-29~2023-05-29,2,,,0
f005914,27,남,40,6,1,1,1,2,,6,,3,2,26,26350,11,11140,31,31200,4,4,5,3,3,6,4,4,대구광역시,부산,2인 여행(가족 외),2023-09-10~2023-09-11,3,2,1,1
f015448,27,여,50,7,1,2,3,1,,5,10,2,2,47,47280,47,47930,42,42810,1,7,2,2,6,2,6,6,대구광역시,경북,3인 이상 여행(가족 외),2023-09-10~2023-09-10,6,2,3,20
f005501,46,여,40,6,1,2,4,11,,1,6,2,2,46,46150,45,45110,46,46130,5,5,5,3,5,3,5,6,전라남도,경남,2인 여행(가족 외),2023-08-15~2023-08-15,6,1,2,1
f011719,30,남,60,7,1,2,1,2,,6,,2,2,46,46150,45,45180,42,42770,1,4,4,4,3,4,1,7,대전광역시,경북,2인 가족 여행,2023-08-26~2023-08-26,2,1,10,1
f008259,47,남,40,5,1,1,3,7,,5,5,2,1,27,27110,43,43800,50,50130,7,4,5,3,3,4,3,5,경상북도,강원,2인 여행(가족 외),2023-08-18~2023-08-18,1,7,3,1
f008608,26,남,50,5,1,2,3,3,,3,9,2,2,45,45110,47,47130,48,48330,2,2,6,4,5,3,2,2,부산광역시,경남,2인 가족 여행,2023-08-21~2023-08-21,2,4,1,1
f008567,26,남,40,7,1,2,4,3,,5,6,3,24,48,48220,11,11740,27,27200,5,2,2,4,3,3,2,4,부산광역시,경남,자녀 동반 여행,2023-08-26~2023-08-26,8,7,2,3
f000516,41,여,30,6,1,1,1,3,,6,,3,5,50,50110,42,42210,48,48840,1,3,4,1,1,1,7,1,경기도,강원,2인 여행(가족 외),2023-05-19~2023-05-21,2,1,6,1
f001446,27,남,20,6,2,1,3,12,,1,5,3,3,26,26710,42,42230,46,46130,4,4,1,6,4,4,7,2,대구광역시,부산,2인 여행(가족 외),2023-05-26~2023-05-27,1,7,5,1
f008157,11,여,20,4,1,1,4,12,,2,6,3,2,50,50130,26,26500,42,42150,3,2,3,6,2,5,2,6,서울특별시,부산,나홀로 여행,2023-08-30~2023-08-31,2,1,7,0
f001074,27,여,40,5,1,1,2,13,,3,4,3,4,26,26500,11,11680,47,47130,6,1,1,2,6,5,7,7,대구광역시,경북,2인 여행(가족 외),2023-06-05~2023-06-07,1,2,8,1
f001081,41,여,60,6,1,2,2,13,,3,3,2,1,42,42230,42,42150,43,43800,2,2,1,3,2,2,3,5,경기도,강원,2인 가족 여행,2023-05-22~2023-05-24,4,3,2,1
f004078,47,여,50,4,1,2,4,2,,4,7,2,2,47,47250,27,27710,47,47720,1,1,1,2,2,7,2,7,경상북도,경북,자녀 동반 여행,2023-07-15~2023-07-16,8,3,6,3
f014104,48,남,50,5,1,2,6,5,,6,7,2,2,50,50130,48,48860,48,48850,1,1,1,5,7,2,1,7,경상남도,경남,자녀 동반 여행,2023-09-02~2023-09-03,1,3,2,4
f015477,11,남,20,6,1,1,2,12,,1,6,3,5,28,28110,42,42210,41,41820,2,4,3,4,2,4,4,4,서울특별시,강원,2인 여행(가족 외),2023-09-02~2023-09-02,2,7,3,1
f000650,43,여,30,7,3,1,1,3,,3,,3,2,42,42170,42,42150,46,46130,3,2,3,2,3,2,5,2,충청북도,강원,나홀로 여행,2023-06-06~2023-06-09,1,4,2,0
f001550,47,남,40,6,1,2,3,2,,7,11,2,1,47,47730,27,27260,47,47170,1,1,4,1,1,6,6,4,경상북도,강원,3인 이상 여행(가족 외),2023-06-04~2023-06-06,2,3,7,2
f002771,41,여,30,6,1,1,1,2,,1,,4,1,26,26500,42,42150,50,50110,1,1,1,5,3,1,6,3,경기도,대구,2인 여행(가족 외),2023-06-03~2023-06-04,7,8,1,1
f002444,41,남,50,5,1,2,3,2,,5,5,2,1,42,42210,42,42830,48,48310,5,6,4,3,4,4,2,2,경기도,강원,자녀 동반 여행,2023-06-07~2023-06-08,7,1,3,2
f009188,48,남,50,5,1,2,4,8,,6,6,4,2,26,26350,48,48310,47,47130,3,2,3,2,4,4,3,5,경상남도,경남,자녀 동반 여행,2023-08-20~2023-08-20,3,1,8,3
f006888,26,여,30,6,1,1,4,2,,4,5,3,3,31,31710,47,47130,48,48310,3,3,6,3,3,3,3,2,부산광역시,울산,2인 여행(가족 외),2023-08-16~2023-08-16,2,1,3,1
f009311,30,여,30,6,2,1,4,12,,2,3,3,15,50,50110,50,50130,26,26350,4,1,2,4,6,7,1,2,대전광역시,부산,2인 가족 여행,2023-08-27~2023-08-28,3,2,5,1
f002486,41,남,30,4,1,2,2,3,,4,5,2,2,42,42770,45,45110,26,26350,2,2,4,2,5,3,4,7,경기도,강원,2인 가족 여행,2023-06-03~2023-06-04,3,7,5,1
f009255,31,여,30,4,2,1,5,12,,1,12,3,2,50,50130,45,45110,42,42150,4,2,2,3,2,6,2,6,울산광역시,부산,2인 여행(가족 외),2023-08-26~2023-08-26,3,1,9,1
f003757,47,여,20,7,1,1,1,2,,3,,3,4,50,50130,50,50110,47,47130,2,3,2,2,1,1,3,3,경상북도,경남,나홀로 여행,2023-07-04~2023-07-04,2,8,1,0
f002696,27,여,50,6,1,2,2,2,,4,11,2,1,50,50110,50,50130,47,47110,1,4,4,2,2,4,3,6,서울특별시,경북,나홀로 여행,2023-06-02~2023-06-02,4,7,8,0
f007188,47,여,60,6,1,2,4,5,,3,5,2,1,47,47820,27,27140,26,26350,2,4,2,2,2,3,3,3,경상북도,경남,2인 가족 여행,2023-09-04~2023-09-05,7,2,,1
f003538,48,남,30,5,1,1,1,13,,5,,3,2,50,50130,50,50110,26,26350,1,1,1,4,2,7,6,3,경상남도,부산,2인 여행(가족 외),2023-06-30~2023-06-30,3,2,8,1
f008558,47,여,40,6,1,2,4,2,,5,8,2,1,47,47850,47,47110,47,47130,2,6,4,3,3,6,5,3,경상북도,경북,자녀 동반 여행,2023-08-27~2023-08-27,3,1,2,3
f005289,41,여,40,5,1,2,3,11,,1,6,2,3,42,42210,31,31140,47,47280,2,2,2,3,3,2,1,1,경기도,강원,자녀 동반 여행,2023-08-26~2023-08-27,3,1,2,2
f002098,27,남,50,6,1,2,4,2,,5,7,2,2,47,47130,48,48220,26,26710,2,3,2,4,5,3,6,3,대구광역시,경북,자녀 동반 여행,2023-06-03~2023-06-04,3,2,1,3
f001643,11,여,40,7,5,2,3,2,,1,7,2,2,42,42210,42,42130,41,41460,3,4,5,2,3,6,2,6,서울특별시,강원,자녀 동반 여행,2023-05-28~2023-05-29,3,1,9,2
f010784,47,남,30,6,1,1,1,2,,3,,3,3,46,46130,46,46150,50,50130,1,1,2,2,7,3,2,2,경상북도,경남,3인 이상 여행(가족 외),2023-08-28~2023-08-29,3,2,7,3
f015714,11,남,20,6,1,1,1,2,,4,,3,5,50,50130,47,47130,31,31110,2,4,2,4,5,2,6,4,서울특별시,강원,2인 여행(가족 외),2023-09-17~2023-09-17,1,3,7,1
f001762,41,여,40,6,1,2,4,3,,7,7,3,4,42,42210,31,31170,46,46860,7,1,1,4,7,4,1,7,경기도,강원,자녀 동반 여행,2023-06-03~2023-06-04,1,3,2,3
f011221,27,남,20,5,2,1,4,12,,1,4,2,1,26,26350,47,47720,47,47850,2,7,2,5,6,2,6,4,대구광역시,경북,2인 여행(가족 외),2023-08-23~2023-08-23,5,1,7,1
f014972,26,남,40,5,4,1,1,7,,4,,1,5,26,26710,31,31710,48,48840,4,4,4,4,4,6,2,5,부산광역시,경남,2인 여행(가족 외),2023-09-03~2023-09-03,2,8,3,1
f003469,26,여,20,6,1,1,3,2,,3,5,2,1,26,26350,47,47130,27,27710,4,4,3,5,5,5,2,6,부산광역시,대구,2인 여행(가족 외),2023-06-17~2023-06-17,2,3,1,1
f006380,47,여,40,7,2,2,3,2,,5,9,2,2,47,47170,27,27260,47,47110,5,2,3,4,6,3,3,6,경상북도,대구,자녀 동반 여행,2023-08-14~2023-08-14,8,3,7,2
f001442,26,남,50,6,1,2,3,11,,2,6,2,2,43,43130,42,42720,11,11110,2,4,2,4,2,5,6,6,부산광역시,경남,3대 동반 여행(친척 포함),2023-05-27~2023-05-27,9,2,3,3
f005133,28,여,20,5,1,1,2,3,,4,4,2,2,11,11410,50,50110,26,26500,4,1,2,2,4,2,1,6,인천광역시,부산,2인 가족 여행,2023-07-30~2023-07-31,2,3,7,1
f009530,41,여,20,4,1,1,4,12,,2,6,3,7,50,50110,46,46890,11,11170,3,3,3,6,6,3,6,5,경기도,경남,2인 여행(가족 외),2023-08-29~2023-08-30,9,3,7,1
f006926,41,남,30,4,1,1,3,10,,2,6,2,2,42,42170,50,50110,41,41820,4,1,3,1,4,4,6,6,경기도,강원,2인 여행(가족 외),2023-08-26~2023-08-27,3,1,2,1
f001336,46,여,40,6,1,4,3,3,,7,7,2,1,50,50130,50,50110,26,26230,4,3,4,4,3,5,2,5,전라남도,부산,3대 동반 여행(친척 포함),2023-05-26~2023-05-29,9,3,6,3
f014131,11,남,50,6,1,1,2,3,,4,4,4,2,42,42210,50,50130,46,46130,2,2,6,1,2,4,2,6,서울특별시,강원,3인 이상 여행(가족 외),2023-09-02~2023-09-03,3,2,1,2
f012946,11,여,20,6,2,1,4,12,,1,11,3,4,42,42210,47,47130,26,26350,2,2,1,6,7,3,7,6,서울특별시,경북,나홀로 여행,2023-09-10~2023-09-10,7,4,1,0
f015740,47,여,30,6,1,1,3,2,,3,7,3,4,50,50130,42,42150,46,46910,2,4,2,3,4,2,2,3,경상북도,부산,2인 여행(가족 외),2023-09-03~2023-09-03,1,3,7,1
f015247,42,여,20,5,3,1,4,12,,1,5,3,1,50,50130,50,50110,42,42130,2,2,3,4,4,3,5,5,강원도,강원,부모 동반 여행,2023-09-09~2023-09-09,6,3,7,2
f003440,48,여,20,4,1,1,4,13,,2,5,3,10,11,11110,26,26500,47,47130,5,2,6,3,3,3,1,6,경상남도,경북,2인 여행(가족 외),2023-06-15~2023-06-15,10,2,5,1
f007571,11,여,40,6,1,2,2,3,,5,7,3,5,45,45190,45,45110,26,26350,4,3,5,5,2,5,5,5,서울특별시,강원,2인 가족 여행,2023-08-18~2023-08-19,2,1,3,1
f005661,47,여,50,6,1,1,1,3,,5,,2,1,47,47110,26,26350,50,50130,2,2,3,2,2,3,1,6,경상북도,경북,나홀로 여행,2023-09-09~2023-09-10,2,1,,0
f000489,42,여,30,5,1,1,3,3,,3,7,2,1,50,50130,42,42150,26,26230,2,2,4,4,4,4,6,5,강원도,강원,나홀로 여행,2023-06-07~2023-06-08,1,7,5,0
f008380,41,여,60,6,1,2,2,2,,10,12,2,1,42,42210,41,41590,44,44210,2,4,3,2,1,4,4,7,경기도,강원,자녀 동반 여행,2023-09-10~2023-09-11,9,2,3,3
f001380,47,남,30,6,1,2,3,2,,5,8,2,2,50,50110,47,47250,47,47280,2,2,5,5,5,6,7,2,경상북도,경북,자녀 동반 여행,2023-06-03~2023-06-06,1,3,2,2
f001408,26,여,40,7,1,2,3,3,,2,5,2,1,48,48250,11,11680,50,50110,1,4,1,1,1,6,1,7,부산광역시,경남,3인 이상 여행(가족 외),2023-05-28~2023-05-28,3,1,6,2
f001902,47,남,20,6,1,1,1,3,,6,,4,1,42,42150,50,50110,26,26350,6,2,2,6,2,2,7,1,경상북도,부산,2인 여행(가족 외),2023-05-28~2023-05-29,3,9,,1
f004618,26,남,40,6,1,2,4,2,,6,6,2,2,48,48820,42,42150,26,26350,2,3,2,4,4,3,5,4,부산광역시,경남,3인 이상 여행(가족 외),2023-07-23~2023-07-23,3,7,1,3
f000493,41,남,30,6,1,2,4,3,,8,8,2,1,42,42190,41,41800,26,26440,4,1,5,5,6,3,4,4,경기도,강원,자녀 동반 여행,2023-05-19~2023-05-21,3,8,2,3
f005414,47,남,20,6,1,1,4,12,,1,1,3,4,11,11740,48,48310,42,42170,6,1,1,1,1,6,5,5,경상북도,경북,2인 여행(가족 외),2023-08-08~2023-08-09,7,3,8,1
f010443,26,여,20,4,1,1,1,12,,3,,2,2,47,47130,26,26710,47,47110,3,2,4,4,3,5,3,6,부산광역시,경북,2인 여행(가족 외),2023-08-26~2023-08-26,3,2,7,1
f000952,29,여,50,6,1,2,4,2,,5,10,2,1,50,50130,46,46130,42,42150,5,5,3,3,4,4,3,3,광주광역시,경북,자녀 동반 여행,2023-05-22~2023-05-24,8,1,7,3
f007260,41,여,20,6,2,1,5,7,,3,8,3,2,42,42150,26,26350,47,47130,4,1,2,4,7,6,2,7,경기도,강원,2인 여행(가족 외),2023-08-20~2023-08-21,2,1,3,1
f000655,41,남,20,6,1,1,3,3,,4,7,3,3,42,42760,50,50130,47,47170,1,1,1,2,2,4,6,2,경기도,경북,2인 여행(가족 외),2023-06-04~2023-06-06,4,3,2,1
f004131,27,여,30,6,1,1,4,2,,4,6,3,6,48,48220,50,50130,47,47130,2,2,5,6,2,2,1,6,대구광역시,경북,2인 여행(가족 외),2023-07-08~2023-07-09,2,3,1,1
f007878,11,여,20,4,1,1,4,12,,2,2,3,3,42,42150,42,42210,26,26350,3,2,6,2,2,5,6,3,서울특별시,강원,2인 여행(가족 외),2023-08-24~2023-08-25,2,3,,1
f012225,27,남,20,4,2,1,1,12,,2,,3,6,26,26500,11,11680,50,50110,6,7,1,6,7,5,1,7,대구광역시,부산,2인 여행(가족 외),2023-08-26~2023-08-26,2,1,4,1
f006357,31,남,50,7,1,2,4,2,,1,8,2,1,31,31710,47,47130,26,26350,4,3,2,6,6,5,2,2,울산광역시,경북,자녀 동반 여행,2023-08-16~2023-08-16,3,8,1,4
f015285,41,남,40,4,1,4,2,9,,5,6,2,2,11,11440,41,41480,41,41280,6,2,2,2,6,3,6,5,경기도,강원,2인 여행(가족 외),2023-09-02~2023-09-02,3,2,7,1
f005449,26,남,30,7,1,1,2,3,,5,7,2,1,47,47820,47,47130,48,48250,2,1,1,4,6,5,3,5,부산광역시,경남,2인 여행(가족 외),2023-08-06~2023-08-06,3,1,7,1
f006520,28,남,20,6,3,1,3,12,,2,8,3,2,50,50110,26,26350,26,26230,7,1,4,1,1,4,3,4,인천광역시,부산,나홀로 여행,2023-09-09~2023-09-10,1,2,4,0
f004013,41,남,60,4,1,2,3,3,,5,7,2,1,27,27260,26,26350,28,28710,2,2,5,3,2,5,3,6,경기도,대구,자녀 동반 여행,2023-07-15~2023-07-16,1,2,6,2
f003380,26,남,40,6,1,2,2,3,,4,7,3,6,50,50110,48,48840,47,47130,2,4,2,2,2,5,4,5,부산광역시,경남,2인 가족 여행,2023-06-24~2023-06-24,1,2,3,1
f015409,11,여,30,5,5,2,2,3,,3,5,3,2,42,42210,30,30200,44,44130,4,5,3,5,3,6,3,5,서울특별시,강원,2인 가족 여행,2023-09-03~2023-09-03,7,1,3,1
f000382,27,여,50,6,1,2,4,11,,1,8,1,1,26,26710,47,47820,45,45110,5,1,2,2,4,2,3,7,대구광역시,부산,자녀 동반 여행,2023-05-19~2023-05-20,2,7,5,3
f000844,11,남,20,6,1,1,2,2,,4,4,3,2,42,42210,50,50110,50,50130,7,1,1,1,1,1,7,7,서울특별시,울산,2인 여행(가족 외),2023-05-19~2023-05-21,1,2,7,1
f015410,26,남,30,7,1,1,1,2,,5,,3,2,26,26710,43,43130,26,26350,1,4,4,3,4,4,1,6,부산광역시,경남,2인 여행(가족 외),2023-09-23~2023-09-23,3,4,2,1
f000710,41,남,30,6,1,2,2,3,,5,9,2,1,50,50130,42,42150,26,26500,4,3,2,2,2,4,5,5,경기도,강원,부모 동반 여행,2023-05-27~2023-05-29,2,3,9,2
f005444,26,남,30,5,1,1,3,5,,4,9,2,3,26,26260,46,46130,50,50110,1,1,1,4,6,3,1,5,부산광역시,울산,2인 여행(가족 외),2023-08-06~2023-08-07,3,7,2,1
f010978,11,남,30,5,1,1,2,4,,4,4,3,5,42,42210,50,50110,48,48220,1,1,1,5,6,6,1,6,서울특별시,대구,나홀로 여행,2023-08-25~2023-08-26,1,2,7,0
f006605,48,여,50,6,1,4,1,2,,2,,3,2,50,50130,47,47130,26,26350,3,4,4,5,4,3,4,5,경상남도,부산,나홀로 여행,2023-08-19~2023-08-19,4,1,2,0
f015954,48,남,40,6,1,1,4,3,,4,12,2,2,26,26710,11,11710,50,50130,3,2,4,2,4,4,3,3,경상남도,경남,2인 여행(가족 외),2023-09-10~2023-09-10,3,2,1,1
f000979,11,여,50,5,1,2,4,2,,3,6,2,1,41,41650,42,42210,42,42110,2,1,2,4,7,7,6,5,서울특별시,강원,자녀 동반 여행,2023-05-27~2023-05-28,3,1,8,3
f002627,26,여,20,6,1,1,4,4,,5,7,3,1,11,11110,47,47110,26,26230,4,4,3,5,3,5,3,5,부산광역시,경북,2인 여행(가족 외),2023-06-06~2023-06-06,2,7,1,1
f000889,41,여,40,7,1,1,1,2,,7,,3,4,41,41820,30,30200,42,42210,2,6,2,3,3,4,3,2,경기도,경북,나홀로 여행,2023-05-26~2023-05-29,2,4,7,0
f000492,41,여,30,5,1,2,4,3,,1,6,3,5,42,42210,50,50130,26,26350,2,1,1,4,7,3,6,7,경기도,강원,자녀 동반 여행,2023-05-15~2023-05-18,1,3,2,3
f011314,41,여,20,4,1,1,4,12,,3,9,3,3,42,42230,42,42210,42,42150,3,4,5,2,3,6,6,5,경기도,강원,2인 여행(가족 외),2023-08-27~2023-08-27,3,1,7,1
f000973,44,남,30,6,1,2,3,3,,5,9,3,4,26,26710,48,48310,30,30200,4,1,1,1,1,4,3,7,충청남도,경북,자녀 동반 여행,2023-05-27~2023-05-29,3,2,,2
f002860,11,남,40,6,1,1,1,3,,4,,3,4,42,42210,41,41650,50,50110,7,1,4,2,4,4,1,4,서울특별시,강원,2인 여행(가족 외),2023-06-03~2023-06-04,2,9,1,1
f009201,27,여,30,4,1,1,1,12,,1,,3,5,50,50110,26,26710,11,11680,3,4,1,4,5,7,6,7,대구광역시,경북,2인 여행(가족 외),2023-08-27~2023-08-27,3,,,1
f001181,11,남,30,7,1,2,2,2,,8,12,2,2,42,42210,50,50110,46,46820,6,3,1,2,6,2,7,1,서울특별시,강원,나홀로 여행,2023-06-02~2023-06-04,2,6,7,0
f016036,47,여,30,4,1,1,1,4,,2,,3,6,50,50110,27,27110,48,48310,5,3,3,3,3,6,5,6,경상북도,경남,2인 여행(가족 외),2023-09-05~2023-09-05,3,1,7,1
f012113,11,여,30,6,1,1,4,3,,5,9,2,4,42,42150,41,41670,47,47940,1,5,2,5,6,2,4,6,서울특별시,강원,3인 이상 여행(가족 외),2023-08-25~2023-08-26,3,1,2,3
f000657,31,남,30,5,1,1,1,2,,5,,3,2,26,26350,11,11680,50,50130,5,4,6,2,2,3,2,6,울산광역시,부산,나홀로 여행,2023-05-27~2023-05-27,5,2,1,0
f002750,48,남,20,6,1,1,1,2,,3,,2,1,42,42830,27,27110,11,11200,4,1,2,2,4,2,6,6,경상남도,경북,2인 여행(가족 외),2023-06-05~2023-06-06,2,3,7,1
f001131,27,남,50,6,1,2,3,2,,5,9,2,1,50,50130,48,48840,46,46840,1,1,1,4,3,3,3,2,대구광역시,경북,3대 동반 여행(친척 포함),2023-06-03~2023-06-05,7,6,8,4
f010875,42,여,20,4,1,1,2,12,,1,4,3,5,11,11560,42,42150,42,42170,6,5,6,6,2,2,2,3,강원도,강원,나홀로 여행,2023-08-27~2023-08-27,4,2,1,0
f004764,30,여,20,5,1,1,1,3,,4,,3,5,42,42230,26,26350,27,27110,2,6,6,5,6,6,7,1,대전광역시,대구,2인 여행(가족 외),2023-07-23~2023-07-24,2,1,3,1
f001516,47,여,50,5,1,2,5,11,,3,6,2,1,27,27110,30,30200,47,47110,3,2,2,1,1,1,1,5,경상북도,대구,자녀 동반 여행,2023-05-28~2023-05-28,8,,,3
f004657,41,여,20,6,5,1,4,3,,4,6,1,1,11,11710,50,50130,42,42150,6,6,4,7,6,7,7,6,경기도,강원,3인 이상 여행(가족 외),2023-07-23~2023-07-24,1,5,6,2
f009182,11,남,50,8,5,1,3,2,,6,11,2,1,41,41830,42,42830,44,44200,4,4,3,4,3,4,5,5,서울특별시,강원,나홀로 여행,2023-08-23~2023-08-23,4,2,1,0
f000959,26,여,30,6,1,2,5,2,,3,4,3,3,50,50130,48,48840,47,47130,1,1,1,5,4,4,2,6,부산광역시,경북,자녀 동반 여행,2023-05-21~2023-05-22,3,8,1,3
f010067,48,여,20,6,2,1,4,12,,2,12,3,5,26,26350,50,50110,31,31140,4,4,4,4,4,6,2,6,경상남도,부산,2인 여행(가족 외),2023-08-22~2023-08-22,3,2,1,1
f005686,44,여,30,6,2,1,4,12,,2,9,3,8,11,11230,26,26350,44,44130,7,1,3,3,7,5,6,4,충청남도,강원,2인 여행(가족 외),2023-08-17~2023-08-18,1,3,5,1
f000011,41,남,30,7,1,1,1,2,,7,,1,3,42,42210,42,42150,42,42830,1,1,3,5,2,5,3,5,경기도,강원,2인 여행(가족 외),2023-04-28~2023-05-01,2,1,3,1
f012624,26,여,20,6,1,1,5,12,,1,12,3,3,26,26350,47,47130,11,11680,6,2,2,3,5,6,5,7,부산광역시,대구,2인 여행(가족 외),2023-08-31~2023-09-01,2,3,4,1
f001487,42,남,50,4,1,2,3,11,,1,6,3,6,42,42150,42,42230,26,26350,4,3,3,5,4,4,6,5,강원도,강원,자녀 동반 여행,2023-06-10~2023-06-11,3,1,2,2
f016391,47,여,20,6,3,1,4,12,,2,5,4,2,11,11440,26,26230,50,50110,7,2,3,5,6,5,5,6,경상북도,경북,2인 여행(가족 외),2023-09-08~2023-09-08,1,3,2,1
f016456,27,여,20,4,1,1,4,12,,2,5,2,1,11,11140,26,26350,27,27260,4,6,4,7,2,4,5,4,대구광역시,부산,2인 여행(가족 외),2023-09-15~2023-09-15,1,3,2,1
f016739,27,남,50,6,1,2,2,11,,3,8,2,2,50,50110,50,50130,11,11560,6,7,1,2,1,6,7,7,대구광역시,경남,2인 여행(가족 외),2023-09-17~2023-09-17,2,1,8,1
f000730,47,여,40,5,1,2,4,3,,1,5,2,2,50,50130,48,48310,44,44825,2,3,4,5,2,4,3,5,경상북도,경남,3인 이상 여행(가족 외),2023-05-20~2023-05-21,1,3,5,3
f000782,41,남,50,7,1,2,4,3,,6,11,2,2,50,50130,42,42150,28,28710,4,6,5,4,6,6,6,5,경기도,강원,자녀 동반 여행,2023-05-20~2023-05-21,3,1,8,3
f012595,47,여,30,6,1,1,3,3,,4,7,2,1,50,50130,26,26500,42,42150,1,1,4,2,4,2,3,6,경상북도,부산,2인 여행(가족 외),2023-08-26~2023-08-27,7,3,5,1
f014163,11,여,20,6,1,1,4,12,,3,12,2,1,42,42170,50,50110,42,42150,1,3,2,7,5,2,6,7,경기도,강원,나홀로 여행,2023-08-30~2023-08-31,7,4,1,0
f000013,41,남,40,6,1,2,3,3,,6,7,2,2,42,42150,47,47130,50,50130,1,1,1,1,1,1,1,6,경기도,강원,부모 동반 여행,2023-04-28~2023-04-30,3,2,7,2
f000384,43,남,20,6,1,1,1,3,,4,,2,1,47,47130,42,42210,46,46130,2,6,2,2,2,6,2,7,충청북도,강원,2인 여행(가족 외),2023-05-19~2023-05-20,3,1,2,1
f002762,26,여,30,5,1,1,1,4,,4,,2,3,11,11140,11,11290,50,50110,5,3,3,4,6,4,5,6,부산광역시,경북,나홀로 여행,2023-06-03~2023-06-03,1,7,10,0
f014901,31,여,20,6,1,1,3,3,,3,6,3,3,50,50130,47,47130,47,47170,3,4,3,3,2,2,2,6,울산광역시,부산,2인 가족 여행,2023-09-01~2023-09-01,1,3,2,1
f000591,27,남,40,5,1,2,3,2,,1,6,2,2,48,48240,47,47770,47,47130,4,5,6,5,6,5,6,1,대구광역시,경남,자녀 동반 여행,2023-05-27~2023-05-28,8,3,10,2
f016495,41,남,30,7,1,1,1,4,,5,,2,2,41,41270,43,43110,28,28710,1,1,1,3,6,1,1,6,경기도,강원,2인 여행(가족 외),2023-09-09~2023-09-09,7,1,2,1
f004760,11,여,20,6,1,1,4,1,,4,9,3,3,42,42170,42,42210,41,41830,1,1,2,2,1,1,6,6,서울특별시,강원,나홀로 여행,2023-07-27~2023-07-28,1,,,0
f004305,27,남,40,5,1,2,3,9,,4,4,2,4,47,47840,47,47130,47,47720,4,5,6,6,7,4,1,7,대구광역시,경북,자녀 동반 여행,2023-07-16~2023-07-16,5,1,3,2
f003828,48,여,30,6,1,2,2,3,,8,8,2,2,26,26350,11,11440,27,27110,6,2,3,3,6,4,5,5,경상남도,경남,2인 여행(가족 외),2023-07-01~2023-07-01,1,7,3,1
f000869,41,남,20,6,1,1,4,2,,4,10,2,1,41,41110,42,42150,11,11680,2,4,3,3,2,3,6,2,경기도,강원,2인 여행(가족 외),2023-05-20~2023-05-21,2,1,6,1
f001848,47,남,30,5,1,1,1,13,,4,,3,15,47,47110,47,47130,46,46890,4,4,4,4,4,4,4,4,경상북도,경북,3인 이상 여행(가족 외),2023-05-28~2023-05-29,2,3,1,2
f001112,11,여,40,6,1,2,3,11,,1,6,2,1,50,50130,41,41650,42,42210,3,1,2,3,6,6,6,3,서울특별시,부산,자녀 동반 여행,2023-06-03~2023-06-06,3,1,7,2
f000543,41,여,30,6,1,1,4,3,,4,7,2,2,43,43800,11,11170,50,50130,3,1,1,3,4,3,5,6,경기도,강원,나홀로 여행,2023-05-16~2023-05-18,1,7,4,0
f005161,42,여,20,4,1,1,1,3,,4,,2,1,42,42820,42,42210,41,41170,1,1,1,1,1,1,7,1,강원도,강원,2인 여행(가족 외),2023-08-02~2023-08-02,2,3,1,1
f003783,47,남,20,6,2,1,1,12,,2,,3,9,42,42150,42,42230,46,46130,1,1,5,2,3,2,5,5,경상북도,경남,2인 여행(가족 외),2023-07-08~2023-07-08,1,2,10,1
f007234,47,여,20,6,2,1,5,4,,2,7,3,10,11,11440,30,30140,50,50110,4,1,2,3,2,4,3,2,경상북도,부산,2인 여행(가족 외),2023-08-28~2023-08-29,3,1,9,1
f000790,26,여,20,6,1,1,5,12,,3,8,2,2,47,47130,26,26710,50,50110,4,1,3,2,3,4,6,4,부산광역시,경북,3인 이상 여행(가족 외),2023-05-19~2023-05-21,2,1,7,2
f000437,11,남,50,6,1,2,4,3,,1,7,2,1,50,50130,42,42150,26,26350,2,2,2,2,5,5,2,6,서울특별시,경북,3인 이상 여행(가족 외),2023-05-16~2023-05-17,5,1,3,2
f011949,28,여,40,5,1,2,4,11,,1,6,3,5,42,42210,26,26350,41,41590,2,2,4,6,2,6,2,3,인천광역시,강원,3인 이상 여행(가족 외),2023-08-27~2023-08-28,2,7,3,2
f002894,11,여,20,4,1,1,2,12,,2,2,3,2,42,42150,50,50110,44,44760,1,2,1,3,5,4,2,5,서울특별시,경북,2인 여행(가족 외),2023-06-03~2023-06-04,3,2,1,1
f007107,29,여,30,6,1,2,2,3,,4,7,2,2,50,50130,50,50110,42,42830,3,5,1,3,3,2,3,6,광주광역시,경남,부모 동반 여행,2023-08-13~2023-08-13,7,1,2,3
f002730,27,여,40,7,1,1,4,2,,4,5,3,10,47,47130,11,11110,42,42190,7,2,1,1,4,7,2,5,대구광역시,경북,나홀로 여행,2023-06-07~2023-06-07,8,1,4,0
f014140,11,남,30,6,1,2,3,2,,4,6,2,1,47,47130,26,26710,26,26350,6,6,6,3,6,6,6,6,서울특별시,부산,2인 여행(가족 외),2023-09-01~2023-09-02,2,3,1,1
f013422,11,여,20,6,1,1,4,12,,2,6,3,2,50,50110,42,42150,46,46130,6,2,2,3,3,3,7,6,서울특별시,강원,2인 여행(가족 외),2023-09-09~2023-09-10,2,1,3,1
f000879,28,남,30,6,1,2,2,3,,4,6,3,2,42,42210,26,26350,43,43150,3,2,1,5,6,2,2,5,인천광역시,부산,2인 가족 여행,2023-06-03~2023-06-06,3,1,7,1
f003747,48,남,40,4,1,2,2,3,,5,5,2,1,47,47130,42,42150,44,44760,1,4,2,2,4,2,6,1,경상남도,경남,2인 여행(가족 외),2023-07-04~2023-07-04,1,6,2,1
f001421,26,여,20,6,1,1,1,3,,1,,2,1,26,26290,47,47130,48,48310,3,3,1,3,4,4,6,1,부산광역시,경북,나홀로 여행,2023-05-27~2023-05-28,7,2,1,0
f008862,41,남,30,5,1,2,3,3,,4,4,2,1,50,50110,42,42210,41,41630,1,1,4,4,6,5,5,3,경기도,강원,자녀 동반 여행,2023-08-22~2023-08-23,3,1,7,2
f000611,11,남,50,7,1,2,5,3,,6,11,2,3,41,41280,41,41480,42,42110,2,3,5,5,4,4,5,3,서울특별시,강원,자녀 동반 여행,2023-05-28~2023-05-29,3,1,9,4
f001116,41,남,30,5,1,1,1,3,,9,,1,1,47,47770,47,47190,26,26350,1,1,1,4,3,2,6,2,경기도,경북,2인 여행(가족 외),2023-05-26~2023-05-28,1,3,2,1
f010785,26,남,30,6,3,1,4,2,,2,6,3,2,50,50110,11,11230,27,27710,6,1,1,2,1,1,1,1,부산광역시,경남,2인 여행(가족 외),2023-08-27~2023-08-27,2,3,1,1
f009462,41,여,20,7,1,1,1,2,,6,,3,8,11,11440,45,45710,42,42210,4,1,4,2,2,5,2,7,경기도,대구,2인 여행(가족 외),2023-08-26~2023-08-26,7,3,9,1
f010564,26,남,20,6,1,1,1,13,,4,,2,1,45,45110,26,26530,26,26230,5,6,5,2,6,6,6,7,부산광역시,경남,2인 여행(가족 외),2023-08-22~2023-08-22,1,2,7,1
f008814,27,여,30,5,1,1,2,3,,4,6,3,4,47,47110,46,46130,50,50110,2,1,1,3,4,2,6,5,대구광역시,경북,3인 이상 여행(가족 외),2023-08-26~2023-08-27,3,2,5,5
f000935,41,남,40,7,1,2,2,2,,4,7,3,2,48,48310,48,48840,26,26350,2,4,2,4,2,2,2,7,경기도,경남,2인 가족 여행,2023-05-27~2023-05-28,2,1,3,1
f001026,41,여,20,5,1,1,4,2,,4,12,4,1,50,50110,26,26350,11,11710,1,1,2,4,6,6,2,5,경기도,경남,부모 동반 여행,2023-05-26~2023-05-28,1,2,10,3
f005062,11,남,20,6,1,1,2,13,,1,1,2,2,11,11170,29,29140,50,50110,4,5,2,6,4,5,6,6,서울특별시,강원,부모 동반 여행,2023-08-06~2023-08-07,7,1,3,2
f005602,27,남,20,4,1,1,3,4,,2,6,2,2,50,50110,47,47130,26,26500,2,4,2,6,7,6,1,1,대구광역시,울산,2인 여행(가족 외),2023-08-05~2023-08-06,7,5,3,1
f001726,11,남,50,6,1,2,3,3,,6,10,3,4,42,42210,26,26500,50,50130,4,6,4,7,6,7,1,7,서울특별시,경남,자녀 동반 여행,2023-05-27~2023-05-27,1,7,5,2
f016571,48,남,30,6,1,1,1,3,,7,,3,2,41,41190,11,11680,26,26230,5,5,5,5,5,4,4,5,경상남도,부산,나홀로 여행,2023-09-10~2023-09-10,7,2,5,0
f012222,11,남,20,4,1,1,5,12,,2,7,3,3,50,50110,42,42210,28,28237,1,2,1,6,7,1,1,6,서울특별시,강원,3인 이상 여행(가족 외),2023-08-25~2023-08-25,6,3,1,5
f000835,11,여,30,5,1,1,1,3,,4,,3,4,42,42210,42,42150,26,26350,2,2,2,5,4,4,1,7,서울특별시,부산,나홀로 여행,2023-05-19~2023-05-21,4,2,5,0
f001124,29,여,20,6,1,1,1,4,,4,,2,1,46,46130,11,11110,26,26350,6,1,2,1,1,3,5,6,광주광역시,강원,부모 동반 여행,2023-05-25~2023-05-26,3,1,2,3
f000689,48,여,30,6,5,1,2,2,,5,9,2,1,48,48840,26,26350,11,11680,1,4,3,2,2,2,6,5,경상남도,경남,2인 여행(가족 외),2023-05-15~2023-05-16,3,2,6,1
f009968,11,여,30,5,1,2,2,2,,6,7,2,3,42,42830,42,42720,50,50110,2,4,4,5,4,5,3,6,서울특별시,강원,2인 가족 여행,2023-09-02~2023-09-03,1,10,3,1
f016536,44,여,20,5,1,1,1,2,,3,,2,2,11,11680,50,50130,43,43110,4,6,1,3,7,4,6,2,충청남도,대구,나홀로 여행,2023-09-13~2023-09-13,1,7,10,0
f008079,28,남,30,6,1,1,2,13,,4,4,4,1,50,50130,50,50110,42,42750,2,1,1,4,4,4,1,6,인천광역시,강원,2인 여행(가족 외),2023-08-23~2023-08-24,7,3,2,1
f000940,47,여,50,6,1,2,4,3,,5,8,2,2,47,47110,27,27710,47,47250,2,6,5,5,3,5,5,3,경상북도,경북,자녀 동반 여행,2023-06-05~2023-06-06,2,3,8,3
f001117,11,남,30,5,1,1,4,8,,3,9,3,20,42,42150,42,42210,42,42810,1,1,1,7,4,1,7,6,서울특별시,경북,3인 이상 여행(가족 외),2023-05-26~2023-05-29,2,3,4,2
f005573,41,여,20,5,1,1,5,2,,5,9,2,2,41,41480,27,27260,47,47110,5,1,2,4,6,2,6,5,경기도,경남,2인 여행(가족 외),2023-08-26~2023-08-27,1,3,7,1
f004103,48,여,60,6,1,3,2,11,,1,3,3,4,27,27140,47,47130,26,26710,7,2,2,4,2,6,6,6,경상남도,경남,자녀 동반 여행,2023-07-17~2023-07-18,1,6,4,1
f006739,11,남,40,5,1,1,2,3,,12,12,2,2,42,42150,26,26380,41,41270,1,1,4,4,2,6,7,6,서울특별시,강원,2인 여행(가족 외),2023-08-26~2023-08-27,2,5,6,1
f009750,26,여,50,4,1,2,3,11,,1,5,3,4,11,11680,50,50130,46,46130,4,3,1,1,4,4,4,4,부산광역시,경북,3대 동반 여행(친척 포함),2023-08-27~2023-08-27,5,7,4,2
f003519,30,여,30,7,1,1,3,3,,4,7,4,2,42,42150,46,46110,26,26710,4,7,1,3,2,2,6,6,대전광역시,강원,나홀로 여행,2023-06-19~2023-06-19,2,7,4,0
f010337,11,남,20,6,2,1,1,12,,2,,3,4,50,50130,26,26110,11,11215,6,2,6,4,2,4,7,6,서울특별시,부산,3인 이상 여행(가족 외),2023-08-26~2023-08-27,1,3,2,4
f013320,11,여,20,6,1,1,2,12,,2,6,3,4,50,50130,42,42150,26,26350,2,2,4,6,5,5,5,6,서울특별시,강원,나홀로 여행,2023-08-27~2023-08-28,4,7,6,0
f000586,42,여,50,4,1,4,2,3,,3,5,2,3,42,42210,27,27260,48,48250,4,1,7,7,4,7,7,7,강원도,강원,나홀로 여행,2023-05-24~2023-05-26,4,1,2,0
f000740,30,여,20,7,1,1,1,2,,1,,3,6,27,27290,47,47110,50,50130,6,2,2,2,4,3,6,2,대전광역시,강원,나홀로 여행,2023-05-26~2023-05-28,1,7,4,0
f015615,41,여,20,5,1,1,2,3,,5,9,3,6,42,42170,11,11410,26,26710,3,1,5,2,4,3,5,5,경기도,강원,나홀로 여행,2023-09-13~2023-09-13,1,4,,0
f004975,11,여,20,6,1,1,1,12,,1,,3,5,11,11680,26,26110,11,11200,6,4,2,5,2,5,2,7,서울특별시,강원,나홀로 여행,2023-08-03~2023-08-03,2,1,5,0
f009562,26,남,40,4,1,2,4,2,,4,7,2,3,31,31710,47,47130,48,48250,4,4,1,3,4,4,4,1,부산광역시,경남,자녀 동반 여행,2023-08-26~2023-08-27,3,7,10,2
f001233,43,남,30,6,2,2,3,13,,4,6,2,2,42,42150,26,26350,42,42830,2,2,3,3,1,6,5,2,충청북도,강원,3대 동반 여행(친척 포함),2023-05-27~2023-05-29,3,9,2,4
f012140,41,여,50,4,1,4,1,5,,3,,3,6,42,42150,47,47920,45,45110,4,4,6,6,6,3,5,5,경기도,강원,2인 여행(가족 외),2023-08-31~2023-08-31,5,4,,1
f011303,11,남,20,6,1,1,2,2,,4,6,3,4,42,42150,50,50130,46,46130,3,1,2,3,2,2,1,7,서울특별시,강원,3인 이상 여행(가족 외),2023-08-26~2023-08-27,1,6,7,3
f008418,11,남,30,5,1,1,1,2,,4,,2,1,42,42150,50,50130,26,26350,4,1,1,1,4,1,1,5,서울특별시,강원,2인 여행(가족 외),2023-08-25~2023-08-26,3,2,5,1
f014134,41,여,20,4,1,1,7,12,,2,4,2,1,50,50110,41,41820,28,28185,1,4,1,7,6,1,1,7,경기도,부산,2인 여행(가족 외),2023-08-29~2023-08-29,3,,,1
f013460,28,남,20,5,1,1,2,2,,2,2,2,1,11,11440,26,26230,41,41570,1,7,1,5,7,1,1,7,인천광역시,강원,3인 이상 여행(가족 외),2023-08-31~2023-08-31,3,6,1,2
f001363,11,여,30,7,1,2,1,2,,9,,2,1,50,50110,26,26200,42,42210,2,5,2,6,5,2,7,6,서울특별시,강원,나홀로 여행,2023-05-27~2023-05-29,2,6,1,0
f015703,26,여,40,5,1,2,6,3,,4,8,1,1,48,48250,48,48730,48,48840,3,7,3,3,4,4,6,5,부산광역시,경남,부모 동반 여행,2023-09-23~2023-09-23,2,6,1,1
f007889,11,남,30,6,1,1,3,3,,4,6,3,3,42,42150,50,50110,47,47130,2,6,2,4,2,4,4,3,서울특별시,강원,2인 여행(가족 외),2023-08-18~2023-08-19,3,2,1,1
f010099,47,여,20,4,1,1,5,12,,3,12,2,2,11,11170,26,26200,50,50110,5,4,3,4,4,5,6,3,경상북도,부산,2인 여행(가족 외),2023-08-24~2023-08-25,4,1,2,1
f014452,11,여,50,6,1,2,3,3,,2,6,2,1,42,42150,50,50110,42,42830,5,4,2,4,6,5,3,7,서울특별시,강원,자녀 동반 여행,2023-09-08~2023-09-08,1,7,3,3
f001440,48,여,30,6,1,2,2,6,,1,5,2,2,26,26380,48,48220,48,48120,3,5,2,4,6,4,2,3,경상남도,부산,2인 여행(가족 외),2023-05-25~2023-05-26,7,1,2,1
f015905,26,남,50,5,1,2,3,5,,4,7,3,4,50,50130,42,42150,48,48310,1,1,1,1,1,7,1,7,부산광역시,경남,2인 가족 여행,2023-09-03~2023-09-03,3,1,2,1
f008427,11,남,20,5,1,1,4,4,,4,12,2,1,42,42210,26,26350,50,50130,4,1,2,4,4,5,4,6,서울특별시,강원,부모 동반 여행,2023-08-19~2023-08-20,1,2,3,3
f012204,27,여,30,6,1,1,1,4,,5,,2,1,11,11710,26,26710,42,42210,2,1,1,1,2,1,1,7,대구광역시,경북,2인 여행(가족 외),2023-08-25~2023-08-25,1,2,7,1
f016094,26,남,30,5,1,1,1,7,,5,,4,1,48,48330,47,47110,45,45110,1,2,4,2,6,4,4,5,부산광역시,경북,2인 여행(가족 외),2023-09-13~2023-09-13,4,6,,1
f013942,11,여,20,4,1,1,4,12,,2,6,3,3,26,26350,50,50110,42,42150,7,1,1,1,4,7,2,7,서울특별시,부산,3대 동반 여행(친척 포함),2023-08-30~2023-08-31,3,4,1,5
f001092,26,여,30,6,1,2,2,3,,4,4,3,3,50,50110,11,11170,27,27290,4,2,2,3,4,5,1,7,부산광역시,경남,나홀로 여행,2023-06-02~2023-06-04,5,1,2,0
f000027,45,남,30,6,1,1,1,5,,4,,3,4,11,11560,42,42110,44,44760,3,2,2,5,4,2,6,1,전라북도,부산,나홀로 여행,2023-04-28~2023-04-30,2,1,6,0
f004703,11,여,20,4,1,1,4,12,,1,7,2,1,42,42150,50,50110,26,26350,4,2,2,5,6,4,6,5,서울특별시,강원,나홀로 여행,2023-07-25~2023-07-25,4,1,2,0
f015841,11,남,30,6,1,1,3,3,,4,6,2,1,42,42150,42,42110,41,41820,4,5,5,2,6,6,4,3,경기도,강원,2인 여행(가족 외),2023-09-23~2023-09-23,3,7,1,1
f005287,27,남,50,4,1,1,1,9,,4,,2,1,47,47130,48,48840,50,50130,4,5,4,3,3,3,3,4,대구광역시,경북,2인 여행(가족 외),2023-08-02~2023-08-02,2,1,,1
f000690,48,여,60,4,1,3,1,11,,3,,2,1,42,42150,42,42820,42,42230,1,7,1,7,7,7,7,4,경상남도,경남,나홀로 여행,2023-05-18~2023-05-18,1,,,0
f005042,41,여,20,6,1,1,1,2,,5,,3,2,26,26350,42,42150,47,47130,1,1,1,1,1,1,1,7,경기도,경북,나홀로 여행,2023-08-06~2023-08-07,5,1,2,0
f000532,11,남,50,5,1,2,4,11,,1,7,3,3,42,42150,50,50130,47,47130,4,4,4,4,4,4,4,4,서울특별시,경남,자녀 동반 여행,2023-06-02~2023-06-04,3,7,8,3
f002958,31,여,50,4,1,2,3,9,,3,10,3,2,47,47130,50,50110,48,48270,1,4,3,5,1,3,5,4,울산광역시,경북,2인 가족 여행,2023-06-05~2023-06-05,2,7,1,1
f015367,31,여,40,5,1,2,2,11,,1,5,3,6,26,26710,47,47130,11,11680,3,2,1,2,4,5,2,6,울산광역시,경북,2인 가족 여행,2023-09-08~2023-09-08,9,1,5,1
f015610,27,남,20,6,1,1,1,5,,4,,2,1,50,50110,42,42150,48,48310,2,2,1,2,1,4,4,6,대구광역시,경북,2인 여행(가족 외),2023-09-09~2023-09-09,2,3,1,1
f000267,11,여,30,6,1,1,1,3,,4,,3,6,50,50130,42,42210,26,26350,2,2,1,2,2,2,2,6,서울특별시,강원,나홀로 여행,2023-05-19~2023-05-20,1,2,7,0
f016354,47,여,20,4,1,1,4,12,,3,7,3,4,11,11440,27,27110,47,47110,4,4,3,5,2,5,3,2,경상북도,대구,2인 여행(가족 외),2023-09-14~2023-09-14,2,1,3,1
f005086,27,남,60,6,1,2,4,3,,4,10,3,3,26,26350,31,31170,47,47130,4,5,6,4,6,5,5,7,대구광역시,울산,자녀 동반 여행,2023-08-07~2023-08-08,1,2,5,2
f007228,41,여,30,6,1,2,3,3,,5,9,1,3,42,42150,11,11680,50,50130,1,1,1,2,1,7,5,7,경기도,강원,자녀 동반 여행,2023-08-22~2023-08-23,5,7,3,2
f000627,11,여,40,7,1,2,5,2,,4,8,1,1,48,48120,48,48820,48,48730,2,6,2,4,3,4,6,6,서울특별시,경남,자녀 동반 여행,2023-06-03~2023-06-04,3,,,4
f001544,11,여,20,6,1,1,1,12,,1,,3,4,42,42150,26,26350,50,50130,2,2,2,5,3,5,7,6,서울특별시,강원,나홀로 여행,2023-06-04~2023-06-06,2,4,1,0
f003613,26,여,20,7,1,1,2,4,,5,9,2,1,48,48820,50,50110,42,42830,4,4,4,4,4,4,4,4,부산광역시,경북,나홀로 여행,2023-06-23~2023-06-23,8,2,5,0
f002429,11,남,30,7,1,1,1,2,,7,,3,3,50,50130,50,50110,42,42210,5,1,1,1,5,4,1,7,서울특별시,부산,2인 여행(가족 외),2023-06-03~2023-06-04,3,1,5,1
f016105,27,여,20,4,1,1,4,12,,2,12,1,1,50,50130,11,11680,26,26350,5,4,1,2,3,1,2,6,대구광역시,부산,2인 가족 여행,2023-09-05~2023-09-05,1,4,3,1
f006526,11,여,30,6,1,2,4,13,,6,11,2,1,42,42210,42,42130,41,41820,3,2,3,2,2,2,2,5,서울특별시,강원,자녀 동반 여행,2023-08-13~2023-08-14,3,1,7,3
f012976,11,여,20,6,1,1,1,3,,4,,3,5,42,42210,42,42150,46,46130,1,1,1,3,3,2,3,4,서울특별시,강원,2인 여행(가족 외),2023-09-09~2023-09-10,2,3,7,1
f008182,11,여,20,4,1,1,1,9,,3,,3,3,42,42150,50,50110,26,26110,4,1,1,3,7,7,1,7,서울특별시,강원,3인 이상 여행(가족 외),2023-08-21~2023-08-22,2,3,5,5
f002830,11,여,20,6,1,1,4,13,,3,7,2,2,11,11650,11,11110,41,41110,4,6,2,6,7,6,3,5,서울특별시,강원,3인 이상 여행(가족 외),2023-06-06~2023-06-07,3,1,2,3
f005445,11,여,20,5,1,1,3,4,,4,9,3,5,50,50110,42,42170,41,41360,2,2,1,1,6,1,6,6,서울특별시,강원,2인 여행(가족 외),2023-08-25~2023-08-26,2,3,1,1
f001901,26,여,30,5,2,1,4,12,,3,10,3,1,26,26350,31,31710,26,26260,2,2,2,2,2,2,6,6,부산광역시,경남,2인 여행(가족 외),2023-06-01~2023-06-02,4,1,3,1
f002626,31,여,30,6,1,2,6,11,,5,10,3,5,47,47130,31,31710,42,42210,4,3,4,3,5,5,4,6,울산광역시,부산,나홀로 여행,2023-06-02~2023-06-03,8,1,2,0
f011268,11,남,30,4,1,1,4,12,,2,10,2,1,11,11440,29,29110,26,26350,6,4,2,3,5,5,6,3,서울특별시,경북,2인 여행(가족 외),2023-08-30~2023-08-31,2,3,1,1
f013202,11,여,20,6,1,1,1,3,,8,,3,6,42,42150,42,42210,50,50110,2,2,4,2,2,4,3,6,서울특별시,강원,나홀로 여행,2023-08-26~2023-08-26,7,,,0
f001184,41,여,30,7,1,2,6,2,,6,12,2,2,42,42720,41,41820,44,44180,2,1,6,2,4,5,6,2,경기도,경북,3인 이상 여행(가족 외),2023-06-02~2023-06-05,8,7,3,3
f014170,43,여,20,4,1,1,4,12,,1,6,3,2,26,26350,50,50130,42,42210,5,2,1,1,6,2,3,6,경기도,강원,2인 여행(가족 외),2023-08-29~2023-08-30,3,7,9,1
f010522,48,여,50,6,1,2,3,3,,7,7,2,1,26,26350,47,47130,48,48330,2,6,2,1,4,6,2,5,경상남도,부산,자녀 동반 여행,2023-08-26~2023-08-26,3,1,2,2
f009756,47,여,30,6,1,1,1,3,,4,,2,1,50,50130,42,42150,11,11110,4,3,2,5,2,4,4,5,경상북도,대구,나홀로 여행,2023-09-09~2023-09-09,2,1,7,0
f005403,48,여,30,6,1,1,4,2,,4,12,3,2,11,11230,48,48120,26,26230,6,2,2,3,2,3,1,6,경상남도,경북,부모 동반 여행,2023-08-04~2023-08-04,1,3,8,3
f012755,48,남,20,6,2,1,4,12,,2,7,2,1,27,27110,48,48120,26,26350,6,2,3,5,5,6,3,2,경상남도,대구,2인 여행(가족 외),2023-08-26~2023-08-26,7,1,2,1
f004740,11,남,40,6,1,1,1,3,,5,,3,4,30,30200,47,47280,31,31170,6,6,7,2,7,6,7,3,서울특별시,경북,2인 여행(가족 외),2023-07-29~2023-07-30,7,2,3,1
f012889,31,여,40,6,1,1,2,3,,4,7,3,3,26,26350,11,11680,50,50130,5,4,3,3,4,3,3,5,울산광역시,경북,나홀로 여행,2023-09-09~2023-09-09,8,2,1,0
f001134,41,남,40,5,1,1,4,3,,5,7,2,1,41,41190,42,42150,26,26170,4,1,3,3,2,1,2,6,경기도,강원,2인 여행(가족 외),2023-05-27~2023-05-28,3,1,2,1
f012536,41,여,20,6,5,1,5,4,,3,6,3,3,42,42150,26,26350,45,45110,3,1,2,3,4,3,5,4,경기도,강원,나홀로 여행,2023-08-28~2023-08-28,6,1,7,0
f004717,11,여,40,6,1,2,2,3,,6,12,3,6,26,26350,50,50110,27,27110,5,3,3,2,3,3,5,6,서울특별시,대구,2인 가족 여행,2023-08-05~2023-08-06,3,9,2,1
f013167,47,남,40,6,1,1,2,3,,7,7,2,1,26,26380,48,48840,48,48850,3,3,2,4,5,6,6,5,경상북도,부산,2인 여행(가족 외),2023-08-26~2023-08-27,1,2,7,1
f015842,31,남,40,6,1,2,4,2,,2,6,2,1,26,26350,47,47130,50,50110,5,3,1,2,2,1,3,6,울산광역시,경북,2인 가족 여행,2023-09-16~2023-09-16,1,2,3,1
f013057,27,남,20,6,1,1,3,13,,4,10,3,2,41,41820,48,48310,47,47110,2,1,4,1,4,5,3,4,대구광역시,경북,3인 이상 여행(가족 외),2023-08-26~2023-08-27,2,1,3,3
f009257,26,여,30,6,1,1,2,2,,5,5,3,2,50,50130,27,27260,47,47130,4,4,4,4,7,5,6,7,부산광역시,경북,2인 여행(가족 외),2023-08-24~2023-08-24,2,1,3,1
f006004,41,남,20,4,1,1,5,10,,2,12,3,2,50,50110,41,41270,42,42150,2,2,3,3,5,4,5,5,경기도,경북,나홀로 여행,2023-08-24~2023-08-25,7,2,1,0
f011863,41,여,40,6,1,2,2,2,,8,11,2,1,43,43130,42,42820,50,50130,2,1,2,2,2,2,2,5,경기도,강원,2인 가족 여행,2023-08-26~2023-08-27,9,6,1,1
f000925,43,남,30,5,1,1,1,2,,4,,2,2,48,48120,48,48220,48,48310,2,1,4,1,2,6,1,2,충청북도,경남,나홀로 여행,2023-05-19~2023-05-22,2,1,10,0
f000669,11,여,50,7,1,2,5,3,,4,6,3,4,26,26470,30,30200,50,50110,3,1,1,7,1,1,1,4,서울특별시,부산,자녀 동반 여행,2023-06-03~2023-06-06,8,3,2,3
f001412,48,여,50,6,1,2,4,2,,5,9,2,1,47,47130,46,46150,48,48270,2,6,4,2,6,6,2,4,경상남도,경남,자녀 동반 여행,2023-06-03~2023-06-04,3,7,8,3
f000831,11,남,30,6,1,2,3,2,,6,11,2,1,26,26350,50,50130,42,42150,6,2,1,1,4,6,6,7,서울특별시,부산,자녀 동반 여행,2023-05-27~2023-05-29,3,1,2,2
f006006,31,남,20,6,2,1,2,12,,1,2,3,6,11,11680,26,26350,31,31170,6,2,2,2,6,6,2,7,울산광역시,부산,2인 여행(가족 외),2023-08-13~2023-08-13,3,9,5,1
f008076,41,남,30,6,1,1,1,3,,5,,3,5,42,42130,42,42760,50,50110,6,6,6,3,3,5,2,3,경기도,강원,2인 여행(가족 외),2023-08-18~2023-08-19,1,3,2,1
f016634,43,남,60,4,1,2,3,7,,6,6,3,4,42,42130,42,42750,42,42150,4,4,3,3,3,5,3,5,충청북도,강원,자녀 동반 여행,2023-09-17~2023-09-17,1,2,3,2
f000484,11,여,40,6,1,2,4,3,,6,12,3,6,48,48310,42,42110,41,41820,3,4,3,5,5,4,5,1,서울특별시,경남,자녀 동반 여행,2023-05-23~2023-05-29,2,3,1,2
f011070,27,여,30,5,1,1,2,2,,5,10,2,3,26,26350,11,11560,50,50130,2,2,1,1,1,6,6,5,대구광역시,부산,나홀로 여행,2023-08-28~2023-08-28,4,2,1,0
f000291,48,남,40,6,1,2,3,5,,3,7,3,4,50,50130,47,47130,48,48310,1,2,2,2,2,3,3,6,경상남도,부산,나홀로 여행,2023-05-19~2023-05-19,5,1,7,0
f001059,42,여,50,7,1,2,4,2,,4,6,2,1,42,42170,42,42230,42,42150,1,7,1,4,1,1,1,3,강원도,강원,자녀 동반 여행,2023-05-21~2023-05-21,1,3,7,3
f016457,48,여,50,5,1,2,3,4,,1,6,3,4,50,50130,26,26350,45,45770,2,2,2,4,3,4,4,5,서울특별시,경남,2인 여행(가족 외),2023-09-18~2023-09-18,3,7,1,1
f010302,27,여,20,4,1,1,4,12,,1,4,3,4,26,26500,27,27110,50,50110,6,4,2,2,4,5,2,5,대구광역시,부산,3인 이상 여행(가족 외),2023-08-24~2023-08-24,1,3,2,2
f000530,42,여,20,5,1,2,2,13,,4,6,2,3,42,42150,11,11680,41,41670,2,4,3,2,1,2,1,7,강원도,강원,3인 이상 여행(가족 외),2023-05-19~2023-05-20,5,2,1,3
f005096,41,여,30,6,1,2,2,3,,5,10,4,1,42,42150,46,46130,45,45110,6,2,3,4,5,6,2,6,경기도,강원,2인 가족 여행,2023-08-06~2023-08-07,1,2,3,1
f002755,48,여,30,6,1,2,2,3,,4,7,3,6,48,48120,48,48250,48,48740,4,4,4,5,6,5,7,3,경상남도,울산,2인 가족 여행,2023-06-03~2023-06-03,1,6,7,1
f006655,41,여,20,6,1,1,4,12,,3,12,3,3,42,42150,26,26350,50,50130,4,3,3,5,6,6,6,6,경기도,강원,3인 이상 여행(가족 외),2023-08-12~2023-08-13,1,3,5,3
f012649,11,여,40,7,1,2,2,2,,7,12,3,4,11,11440,26,26350,27,27260,5,3,3,2,5,4,3,4,서울특별시,강원,2인 여행(가족 외),2023-09-02~2023-09-02,1,,,1
f016357,30,여,20,6,1,1,4,2,,3,7,3,2,11,11680,26,26350,30,30170,4,4,6,1,2,6,3,4,대전광역시,부산,2인 가족 여행,2023-09-10~2023-09-10,1,2,7,1
f012987,11,남,40,5,1,2,3,3,,4,4,4,2,42,42150,26,26710,50,50130,4,2,4,4,2,4,3,2,서울특별시,강원,자녀 동반 여행,2023-08-30~2023-08-31,1,3,7,2
f014097,48,여,20,6,5,1,3,12,,1,3,2,3,11,11680,47,47130,27,27260,2,1,1,2,1,2,6,3,부산광역시,경남,2인 여행(가족 외),2023-09-09~2023-09-10,2,1,3,1
f013493,11,남,40,6,1,2,3,3,,7,7,2,4,42,42210,50,50130,26,26710,1,7,2,4,6,4,5,6,서울특별시,강원,나홀로 여행,2023-09-02~2023-09-02,6,4,1,0
f006481,41,여,20,6,1,1,5,3,,4,6,3,6,26,26500,42,42150,41,41820,2,3,3,2,6,5,1,7,경기도,강원,2인 여행(가족 외),2023-08-19~2023-08-20,8,2,1,1
f000609,11,여,50,6,1,2,2,2,,6,8,2,2,42,42150,42,42210,43,43130,4,1,6,1,4,2,4,4,서울특별시,강원,자녀 동반 여행,2023-05-19~2023-05-21,1,2,3,3
f012426,41,남,30,6,1,1,4,2,,4,10,3,5,50,50110,26,26710,11,11440,3,2,1,2,3,2,1,6,경기도,강원,2인 여행(가족 외),2023-09-11~2023-09-11,1,2,5,1
f000433,47,남,20,4,1,1,1,3,,5,,1,1,27,27230,47,47930,50,50110,2,2,2,6,2,6,6,6,경상북도,대구,나홀로 여행,2023-06-02~2023-06-04,6,1,2,0
f001245,28,여,30,5,1,1,4,5,,5,11,3,4,11,11170,50,50110,42,42150,5,2,6,1,1,5,7,6,인천광역시,경북,2인 여행(가족 외),2023-05-27~2023-05-29,1,3,2,1
f005535,47,여,30,4,1,1,4,12,,1,5,3,3,47,47290,47,47110,27,27200,5,7,2,1,4,6,6,5,경상북도,경북,2인 여행(가족 외),2023-08-03~2023-08-03,7,2,1,1
f006932,44,여,30,6,1,1,1,3,,5,,2,3,26,26230,11,11200,27,27260,4,3,1,2,4,4,3,7,서울특별시,부산,2인 여행(가족 외),2023-08-26~2023-08-27,5,3,1,1
f010778,48,여,30,4,1,1,3,12,,2,10,3,4,28,28237,26,26530,50,50110,4,4,2,5,4,6,5,6,경상남도,경남,2인 여행(가족 외),2023-08-25~2023-08-25,3,1,7,1
f012639,27,여,20,4,1,1,4,12,,1,5,2,1,26,26350,50,50130,47,47130,4,7,1,2,6,4,7,7,대구광역시,부산,나홀로 여행,2023-09-07~2023-09-07,1,7,5,0
f015600,46,남,60,6,1,2,4,11,,1,12,2,2,46,46870,48,48860,48,48840,4,5,4,2,4,4,2,6,전라남도,경남,자녀 동반 여행,2023-09-14~2023-09-14,3,1,8,1
f001707,42,여,40,6,1,2,5,11,,1,8,2,1,42,42210,41,41670,26,26350,4,3,4,5,1,7,1,7,강원도,강원,2인 여행(가족 외),2023-05-27~2023-05-27,2,1,3,1
f010656,48,여,30,6,1,1,1,4,,5,,1,1,42,42210,44,44760,47,47110,1,2,1,4,7,1,1,7,경상남도,경북,나홀로 여행,2023-08-26~2023-08-26,7,,,0
f015975,26,여,20,6,1,1,3,2,,4,6,2,1,48,48840,26,26350,42,42130,1,1,1,3,1,3,1,7,부산광역시,경남,나홀로 여행,2023-09-15~2023-09-15,2,7,1,0
f014045,11,남,30,6,1,2,3,3,,6,7,3,4,26,26350,50,50130,47,47130,4,3,4,3,2,6,6,2,서울특별시,강원,나홀로 여행,2023-09-05~2023-09-05,2,1,4,0
f009828,26,여,30,6,1,1,3,4,,4,6,2,2,11,11710,42,42110,47,47130,2,2,2,3,3,3,4,5,부산광역시,경북,2인 여행(가족 외),2023-08-26~2023-08-26,3,1,2,1
f008113,26,여,20,6,2,1,1,12,,2,,3,1,50,50130,11,11140,42,42210,3,2,2,4,3,4,3,7,부산광역시,대구,2인 여행(가족 외),2023-08-21~2023-08-22,2,1,10,1
f004947,27,남,20,6,1,1,2,2,,4,4,2,1,31,31170,11,11680,26,26350,3,2,1,3,3,3,2,6,대구광역시,부산,2인 여행(가족 외),2023-07-31~2023-08-01,1,2,7,1
f005385,11,남,20,6,1,1,2,13,,1,4,3,4,26,26350,11,11170,50,50110,3,2,1,1,2,6,2,6,서울특별시,강원,2인 여행(가족 외),2023-08-14~2023-08-14,1,2,7,1
